Name,Release_Date,Publisher,Platform,Press_Score,Number_Scores_Press,Users_Score,Number_Scores_Users,Month,Year,Scores_delta,Score_Avg
Assassin's Creed II,2009-11-17,Ubisoft,Playstation 3,9.1,70,8.7,300.0,11,2009,-0.40000000000000036,8.899999999999999
Assassin's Creed II,2009-11-17,Ubisoft,Pc,8.6,22,8.4,340.0,11,2009,-0.1999999999999993,8.5
Assassin's Creed II,2009-11-17,Ubisoft,Xbox 360,9.0,82,8.8,316.0,11,2009,-0.1999999999999993,8.9
Tom Clancy's Ghost Recon Advanced Warfighter,2006-03-09,Ubisoft,Pc,8.0,26,7.0,17.0,3,2006,-1.0,7.5
Tom Clancy's Ghost Recon Advanced Warfighter,2006-03-09,Ubisoft,Xbox,6.6,14,3.9,2.0,3,2006,-2.6999999999999997,5.25
Tom Clancy's Ghost Recon Advanced Warfighter,2006-03-09,Ubisoft,Playstation 2,4.4,8,5.3,4.0,3,2006,0.8999999999999995,4.85
Tom Clancy's Ghost Recon Advanced Warfighter,2006-03-09,Ubisoft,Xbox 360,9.0,78,7.4,15.0,3,2006,-1.5999999999999996,8.2
Silent Hunter III,2005-03-15,Ubisoft,Pc,9.0,23,8.6,10.0,3,2005,-0.40000000000000036,8.8
Tom Clancy's Splinter Cell: Chaos Theory,2005-03-28,Ubisoft,3Ds,5.3,32,5.7,7.0,3,2005,0.40000000000000036,5.5
Tom Clancy's Splinter Cell: Chaos Theory,2005-03-28,Ubisoft,Pc,9.2,36,8.8,69.0,3,2005,-0.3999999999999986,9.0
Tom Clancy's Splinter Cell: Chaos Theory,2005-03-28,Ubisoft,Xbox,9.4,70,8.5,29.0,3,2005,-0.9000000000000004,8.95
Tom Clancy's Splinter Cell: Chaos Theory,2005-03-28,Ubisoft,Playstation 2,8.7,29,8.2,9.0,3,2005,-0.5,8.45
Tom Clancy's Splinter Cell: Chaos Theory,2005-03-28,Ubisoft,Gamecube,8.1,28,7.4,2.0,3,2005,-0.6999999999999993,7.75
Tom Clancy's Splinter Cell: Chaos Theory,2005-03-28,Ubisoft,Ds,5.0,22,6.8,2.0,3,2005,1.7999999999999998,5.9
Tom Clancy's Splinter Cell: Pandora Tomorrow,2004-03-23,Ubisoft,Xbox,9.3,74,8.2,12.0,3,2004,-1.1000000000000014,8.75
Tom Clancy's Splinter Cell: Pandora Tomorrow,2004-03-23,Ubisoft,Playstation 2,8.7,45,7.9,8.0,3,2004,-0.7999999999999989,8.3
Tom Clancy's Splinter Cell: Pandora Tomorrow,2004-03-23,Ubisoft,Pc,8.7,28,8.1,14.0,3,2004,-0.5999999999999996,8.399999999999999
Tom Clancy's Splinter Cell: Pandora Tomorrow,2004-03-23,Ubisoft,Gamecube,7.8,25,7.8,1.0,3,2004,0.0,7.8
Tom Clancy's Splinter Cell,2002-11-17,Ubisoft,Xbox,9.3,46,8.4,9.0,11,2002,-0.9000000000000004,8.850000000000001
Tom Clancy's Splinter Cell,2002-11-17,Ubisoft,Pc,9.1,20,8.4,44.0,11,2002,-0.6999999999999993,8.75
Tom Clancy's Splinter Cell,2002-11-17,Ubisoft,Playstation 2,8.9,24,8.0,15.0,11,2002,-0.9000000000000004,8.45
Tom Clancy's Splinter Cell,2002-11-17,Ubisoft,Gamecube,8.9,19,7.4,1.0,11,2002,-1.5,8.15
Tom Clancy's Splinter Cell,2002-11-17,Ubisoft,Game Boy Advance,7.7,21,6.5,9.0,11,2002,-1.2000000000000002,7.1
Prince of Persia: The Sands of Time,2003-11-10,Ubisoft,Playstation 2,9.2,44,8.5,52.0,11,2003,-0.6999999999999993,8.85
Prince of Persia: The Sands of Time,2003-11-10,Ubisoft,Xbox,9.2,41,8.4,8.0,11,2003,-0.7999999999999989,8.8
Prince of Persia: The Sands of Time,2003-11-10,Ubisoft,Gamecube,9.2,33,7.9,9.0,11,2003,-1.299999999999999,8.55
Prince of Persia: The Sands of Time,2003-11-10,Ubisoft,Pc,8.9,32,8.5,72.0,11,2003,-0.40000000000000036,8.7
Prince of Persia: The Sands of Time,2003-11-10,Ubisoft,Game Boy Advance,7.5,25,7.7,9.0,11,2003,0.20000000000000018,7.6
Prince of Persia: The Sands of Time,2003-11-10,Ubisoft,Playstation 3,8.0,1,6.9,9.0,11,2003,-1.0999999999999996,7.45
Rayman Legends,2013-09-03,Ubisoft,Wii U,9.2,35,8.7,109.0,9,2013,-0.5,8.95
Rayman Legends,2013-09-03,Ubisoft,Playstation Vita,8.7,8,8.4,29.0,9,2013,-0.29999999999999893,8.55
Rayman Legends,2013-09-03,Ubisoft,Playstation 3,9.1,23,8.8,55.0,9,2013,-0.29999999999999893,8.95
Rayman Legends,2013-09-03,Ubisoft,Xbox 360,9.0,35,8.3,33.0,9,2013,-0.6999999999999993,8.65
Rayman Legends,2013-09-03,Ubisoft,Pc,8.9,5,8.5,74.0,9,2013,-0.40000000000000036,8.7
Rayman Legends,2013-09-03,Ubisoft,Playstation 4,9.0,16,8.5,180.0,9,2013,-0.5,8.75
Rayman Legends,2013-09-03,Ubisoft,Xbox One,9.1,6,8.0,37.0,9,2013,-1.0999999999999996,8.55
IL-2 Sturmovik,2001-11-18,Ubisoft,Pc,9.1,12,8.5,6.0,11,2001,-0.5999999999999996,8.8
Assassin's Creed: Brotherhood,2010-11-16,Ubisoft,Playstation 3,9.0,59,8.4,247.0,11,2010,-0.5999999999999996,8.7
Assassin's Creed: Brotherhood,2010-11-16,Ubisoft,Xbox 360,8.9,81,8.3,200.0,11,2010,-0.5999999999999996,8.600000000000001
Assassin's Creed: Brotherhood,2010-11-16,Ubisoft,Pc,8.8,24,8.2,284.0,11,2010,-0.6000000000000014,8.5
Far Cry,2004-03-23,Ubisoft,Pc,8.9,72,7.7,179.0,3,2004,-1.2000000000000002,8.3
Far Cry,2004-03-23,Ubisoft,Xbox,8.5,56,6.3,2.0,3,2004,-2.2,7.4
Far Cry,2004-03-23,Ubisoft,Wii,3.8,23,3.7,5.0,3,2004,-0.09999999999999964,3.75
Lumines,2005-03-22,Ubisoft,Psp,8.9,55,7.5,4.0,3,2005,-1.4000000000000004,8.2
Brothers in Arms: Road to Hill 30,2005-03-01,Ubisoft,Pc,8.7,32,7.6,25.0,3,2005,-1.0999999999999996,8.149999999999999
Brothers in Arms: Road to Hill 30,2005-03-01,Ubisoft,Xbox,8.8,64,8.3,3.0,3,2005,-0.5,8.55
Brothers in Arms: Road to Hill 30,2005-03-01,Ubisoft,Playstation 2,8.2,30,7.1,5.0,3,2005,-1.0999999999999996,7.6499999999999995
Tom Clancy's Rainbow Six: Vegas,2006-11-20,Ubisoft,Xbox 360,8.8,69,7.7,20.0,11,2006,-1.1000000000000005,8.25
Tom Clancy's Rainbow Six: Vegas,2006-11-20,Ubisoft,Playstation 3,8.6,32,7.3,9.0,11,2006,-1.2999999999999998,7.949999999999999
Tom Clancy's Rainbow Six: Vegas,2006-11-20,Ubisoft,Psp,6.0,20,6.7,2.0,11,2006,0.7000000000000002,6.35
Tom Clancy's Rainbow Six: Vegas,2006-11-20,Ubisoft,Pc,8.5,22,7.5,17.0,11,2006,-1.0,8.0
Assassin's Creed IV: Black Flag,2013-10-29,Ubisoft,Playstation 4,8.3,29,8.0,436.0,10,2013,-0.3000000000000007,8.15
Assassin's Creed IV: Black Flag,2013-10-29,Ubisoft,Pc,8.4,10,8.1,511.0,10,2013,-0.3000000000000007,8.25
Assassin's Creed IV: Black Flag,2013-10-29,Ubisoft,Wii U,8.6,5,7.6,39.0,10,2013,-1.0,8.1
Assassin's Creed IV: Black Flag,2013-10-29,Ubisoft,Xbox 360,8.6,35,8.1,198.0,10,2013,-0.5,8.35
Assassin's Creed IV: Black Flag,2013-10-29,Ubisoft,Playstation 3,8.8,36,8.3,295.0,10,2013,-0.5,8.55
Assassin's Creed IV: Black Flag,2013-10-29,Ubisoft,Xbox One,9.2,3,7.7,109.0,10,2013,-1.4999999999999991,8.45
Far Cry 3,2012-12-04,Ubisoft,Playstation 3,9.0,32,8.6,265.0,12,2012,-0.40000000000000036,8.8
Far Cry 3,2012-12-04,Ubisoft,Pc,8.8,43,8.4,1.0,12,2012,-0.40000000000000036,8.600000000000001
Far Cry 3,2012-12-04,Ubisoft,Xbox 360,9.1,39,8.6,341.0,12,2012,-0.5,8.85
Far Cry 3,2012-12-04,Ubisoft,Playstation 4,7.0,4,7.7,91.0,12,2012,0.7000000000000002,7.35
Rocksmith 2014 Edition,2013-10-22,Ubisoft,Xbox 360,8.7,30,7.8,13.0,10,2013,-0.8999999999999995,8.25
Rocksmith 2014 Edition,2013-10-22,Ubisoft,Playstation 3,8.6,14,8.2,20.0,10,2013,-0.40000000000000036,8.399999999999999
Rocksmith 2014 Edition,2013-10-22,Ubisoft,Pc,8.9,7,8.1,49.0,10,2013,-0.8000000000000007,8.5
Rocksmith 2014 Edition,2013-10-22,Ubisoft,Playstation 4,8.2,4,7.0,8.0,10,2013,-1.1999999999999993,7.6
Rocksmith 2014 Edition,2013-10-22,Ubisoft,Xbox One,7.2,6,7.4,5.0,10,2013,0.20000000000000018,7.300000000000001
Rayman Origins,2011-11-15,Ubisoft,Xbox 360,8.7,55,8.3,79.0,11,2011,-0.3999999999999986,8.5
Rayman Origins,2011-11-15,Ubisoft,Playstation 3,8.7,43,8.4,60.0,11,2011,-0.29999999999999893,8.55
Rayman Origins,2011-11-15,Ubisoft,Wii,9.2,13,8.7,44.0,11,2011,-0.5,8.95
Rayman Origins,2011-11-15,Ubisoft,3Ds,7.1,8,6.3,18.0,11,2011,-0.7999999999999998,6.699999999999999
Rayman Origins,2011-11-15,Ubisoft,Playstation Vita,8.8,54,8.4,60.0,11,2011,-0.40000000000000036,8.600000000000001
Rayman Origins,2011-11-15,Ubisoft,Pc,8.6,11,8.3,82.0,11,2011,-0.29999999999999893,8.45
Might & Magic: Clash of Heroes,2009-12-01,Ubisoft,Ds,8.6,39,6.7,4.0,12,2009,-1.8999999999999995,7.65
Might & Magic: Clash of Heroes,2009-12-01,Ubisoft,Xbox 360,8.4,30,8.2,8.0,12,2009,-0.20000000000000107,8.3
Might & Magic: Clash of Heroes,2009-12-01,Ubisoft,Playstation 3,8.4,26,8.2,9.0,12,2009,-0.20000000000000107,8.3
Might & Magic: Clash of Heroes,2009-12-01,Ubisoft,Pc,7.6,6,7.6,22.0,12,2009,0.0,7.6
Might & Magic: Clash of Heroes,2009-12-01,Ubisoft,Ios Iphoneipad,8.3,18,6.8,2.0,12,2009,-1.5000000000000009,7.550000000000001
Prince of Persia: The Lost Crown,2024-01-18,Ubisoft,Playstation 5,8.6,84,8.4,296.0,1,2024,-0.1999999999999993,8.5
Prince of Persia: The Lost Crown,2024-01-18,Ubisoft,Xbox Series X,8.7,24,8.7,24.0,1,2024,0.0,8.7
Prince of Persia: The Lost Crown,2024-01-18,Ubisoft,Pc,8.5,38,8.4,80.0,1,2024,-0.09999999999999964,8.45
Prince of Persia: The Lost Crown,2024-01-18,Ubisoft,Nintendo Switch,8.8,28,8.7,72.0,1,2024,-0.10000000000000142,8.75
Beyond Good & Evil,2003-11-11,Ubisoft,Pc,8.3,26,8.7,45.0,11,2003,0.3999999999999986,8.5
Beyond Good & Evil,2003-11-11,Ubisoft,Gamecube,8.7,33,8.2,4.0,11,2003,-0.5,8.45
Beyond Good & Evil,2003-11-11,Ubisoft,Playstation 2,8.6,45,8.8,18.0,11,2003,0.20000000000000107,8.7
Beyond Good & Evil,2003-11-11,Ubisoft,Xbox,8.7,40,7.4,2.0,11,2003,-1.299999999999999,8.05
IL-2 Sturmovik: Forgotten Battles,2003-03-02,Ubisoft,Pc,8.6,12,8.0,9.0,3,2003,-0.5999999999999996,8.3
Tom Clancy's Rainbow Six 3,2003-11-12,Ubisoft,Xbox,8.6,39,7.6,4.0,11,2003,-1.0,8.1
Tom Clancy's Rainbow Six 3,2003-11-12,Ubisoft,Playstation 2,7.0,34,7.7,5.0,11,2003,0.7000000000000002,7.35
Tom Clancy's Ghost Recon Advanced Warfighter 2,2007-03-06,Ubisoft,Xbox 360,8.6,58,7.2,10.0,3,2007,-1.3999999999999995,7.9
Tom Clancy's Ghost Recon Advanced Warfighter 2,2007-03-06,Ubisoft,Playstation 3,8.4,29,7.1,2.0,3,2007,-1.3000000000000007,7.75
Tom Clancy's Ghost Recon Advanced Warfighter 2,2007-03-06,Ubisoft,Psp,6.1,12,2.9,2.0,3,2007,-3.1999999999999997,4.5
Tom Clancy's Ghost Recon Advanced Warfighter 2,2007-03-06,Ubisoft,Pc,7.6,24,6.9,12.0,3,2007,-0.6999999999999993,7.25
IL-2 Sturmovik: 1946,2007-03-13,Ubisoft,Pc,8.6,9,8.5,18.0,3,2007,-0.09999999999999964,8.55
Tom Clancy's Splinter Cell: Conviction,2010-04-13,Ubisoft,Xbox 360,8.5,90,7.6,70.0,4,2010,-0.9000000000000004,8.05
Tom Clancy's Splinter Cell: Conviction,2010-04-13,Ubisoft,Pc,8.3,20,6.8,102.0,4,2010,-1.5000000000000009,7.550000000000001
Mario + Rabbids Sparks of Hope,2022-10-20,Ubisoft,Nintendo Switch,8.5,124,7.5,156.0,10,2022,-1.0,8.0
Tom Clancy's Splinter Cell: Double Agent,2006-10-17,Ubisoft,Xbox,8.9,13,8.3,3.0,10,2006,-0.5999999999999996,8.600000000000001
Tom Clancy's Splinter Cell: Double Agent,2006-10-17,Ubisoft,Playstation 2,8.4,13,8.4,9.0,10,2006,0.0,8.4
Tom Clancy's Splinter Cell: Double Agent,2006-10-17,Ubisoft,Playstation 3,7.8,17,6.3,5.0,10,2006,-1.5,7.05
Tom Clancy's Splinter Cell: Double Agent,2006-10-17,Ubisoft,Xbox 360,8.5,59,7.5,16.0,10,2006,-1.0,8.0
Tom Clancy's Splinter Cell: Double Agent,2006-10-17,Ubisoft,Wii,6.1,12,6.9,4.0,10,2006,0.8000000000000007,6.5
Tom Clancy's Splinter Cell: Double Agent,2006-10-17,Ubisoft,Pc,8.0,17,6.6,25.0,10,2006,-1.4000000000000004,7.3
Tom Clancy's Splinter Cell: Double Agent,2006-10-17,Ubisoft,Gamecube,6.4,8,6.1,9.0,10,2006,-0.3000000000000007,6.25
South Park: The Stick of Truth,2014-03-04,Ubisoft,Playstation 3,8.5,31,8.5,130.0,3,2014,0.0,8.5
South Park: The Stick of Truth,2014-03-04,Ubisoft,Xbox 360,8.2,33,8.5,93.0,3,2014,0.3000000000000007,8.35
South Park: The Stick of Truth,2014-03-04,Ubisoft,Pc,8.5,48,8.5,413.0,3,2014,0.0,8.5
South Park: The Stick of Truth,2014-03-04,Ubisoft,Playstation 4,8.7,1,8.1,39.0,3,2014,-0.5999999999999996,8.399999999999999
South Park: The Stick of Truth,2014-03-04,Ubisoft,Nintendo Switch,8.2,6,8.4,27.0,3,2014,0.20000000000000107,8.3
Prince of Persia: The Two Thrones,2005-12-01,Ubisoft,Xbox,8.5,46,8.0,1.0,12,2005,-0.5,8.25
Prince of Persia: The Two Thrones,2005-12-01,Ubisoft,Playstation 2,8.5,46,8.5,20.0,12,2005,0.0,8.5
Prince of Persia: The Two Thrones,2005-12-01,Ubisoft,Pc,8.5,29,8.0,36.0,12,2005,-0.5,8.25
Prince of Persia: The Two Thrones,2005-12-01,Ubisoft,Gamecube,8.4,34,6.6,3.0,12,2005,-1.8000000000000007,7.5
Prince of Persia: The Two Thrones,2005-12-01,Ubisoft,Playstation 3,8.0,1,8.6,3.0,12,2005,0.5999999999999996,8.3
Brothers in Arms: Earned in Blood,2005-10-06,Ubisoft,Pc,8.4,23,7.7,16.0,10,2005,-0.7000000000000002,8.05
Brothers in Arms: Earned in Blood,2005-10-06,Ubisoft,Xbox,8.5,41,8.1,1.0,10,2005,-0.40000000000000036,8.3
Brothers in Arms: Earned in Blood,2005-10-06,Ubisoft,Playstation 2,7.1,20,7.2,2.0,10,2005,0.10000000000000053,7.15
Far Cry 4,2014-11-18,Ubisoft,Playstation 4,8.5,83,7.7,521.0,11,2014,-0.7999999999999998,8.1
Far Cry 4,2014-11-18,Ubisoft,Xbox One,8.2,15,7.7,122.0,11,2014,-0.4999999999999991,7.949999999999999
Far Cry 4,2014-11-18,Ubisoft,Pc,8.0,17,7.0,406.0,11,2014,-1.0,7.5
Trials Evolution: Gold Edition,2013-03-21,Ubisoft,Pc,8.5,10,7.0,35.0,3,2013,-1.5,7.75
Mario + Rabbids: Kingdom Battle,2017-08-29,Ubisoft,Nintendo Switch,8.5,111,8.3,357.0,8,2017,-0.1999999999999993,8.4
Far Cry 2,2008-10-21,Ubisoft,Pc,8.5,34,6.3,261.0,10,2008,-2.2,7.4
Far Cry 2,2008-10-21,Ubisoft,Xbox 360,8.5,75,6.6,62.0,10,2008,-1.9000000000000004,7.55
Far Cry 2,2008-10-21,Ubisoft,Playstation 3,8.5,49,6.2,40.0,10,2008,-2.3,7.35
Beyond Good & Evil HD,2011-03-02,Ubisoft,Playstation 3,8.3,13,8.5,16.0,3,2011,0.1999999999999993,8.4
Beyond Good & Evil HD,2011-03-02,Ubisoft,Xbox 360,8.4,57,8.7,25.0,3,2011,0.29999999999999893,8.55
Assassin's Creed III,2012-10-30,Ubisoft,Playstation 3,8.5,41,6.9,425.0,10,2012,-1.5999999999999996,7.7
Assassin's Creed III,2012-10-30,Ubisoft,Xbox 360,8.4,61,7.0,397.0,10,2012,-1.4000000000000004,7.7
Assassin's Creed III,2012-10-30,Ubisoft,Wii U,8.5,26,7.1,45.0,10,2012,-1.4000000000000004,7.8
Assassin's Creed III,2012-10-30,Ubisoft,Pc,8.0,21,6.5,520.0,10,2012,-1.5,7.25
Outland,2011-04-27,Ubisoft,Playstation 3,8.3,28,7.8,15.0,4,2011,-0.5000000000000009,8.05
Outland,2011-04-27,Ubisoft,Xbox 360,8.4,55,7.4,20.0,4,2011,-1.0,7.9
Outland,2011-04-27,Ubisoft,Pc,7.9,9,7.1,14.0,4,2011,-0.8000000000000007,7.5
Rayman Legends: Definitive Edition,2017-09-12,Ubisoft,Nintendo Switch,8.4,35,8.5,90.0,9,2017,0.09999999999999964,8.45
No More Heroes 2: Desperate Struggle,2010-01-26,Ubisoft,Wii,8.4,68,8.5,36.0,1,2010,0.09999999999999964,8.45
No More Heroes 2: Desperate Struggle,2010-01-26,Ubisoft,Nintendo Switch,8.2,21,8.5,11.0,1,2010,0.3000000000000007,8.35
No More Heroes 2: Desperate Struggle,2010-01-26,Ubisoft,Pc,7.5,3,0.0,1.0,1,2010,-7.5,3.75
Tom Clancy's Rainbow Six 3: Black Arrow,2004-08-04,Ubisoft,Xbox,8.4,55,6.8,9.0,8,2004,-1.6000000000000005,7.6
Rayman,2001-06-11,Ubisoft,Ds,8.0,3,6.8,3.0,6,2001,-1.2000000000000002,7.4
Rayman,2001-06-11,Ubisoft,Game Boy Advance,8.4,17,7.8,10.0,6,2001,-0.6000000000000005,8.1
Rayman,2001-06-11,Ubisoft,Ios Iphoneipad,7.0,3,7.5,9.0,6,2001,0.5,7.25
Child of Eden,2011-06-14,Ubisoft,Playstation 3,8.1,21,7.8,10.0,6,2011,-0.2999999999999998,7.949999999999999
Child of Eden,2011-06-14,Ubisoft,Xbox 360,8.4,81,7.9,34.0,6,2011,-0.5,8.15
Tom Clancy's Ghost Recon,2002-11-11,Ubisoft,Xbox,8.4,29,7.0,4.0,11,2002,-1.4000000000000004,7.7
Tom Clancy's Ghost Recon,2002-11-11,Ubisoft,Pc,8.0,19,7.4,14.0,11,2002,-0.5999999999999996,7.7
Tom Clancy's Ghost Recon,2002-11-11,Ubisoft,Gamecube,5.9,15,6.1,3.0,11,2002,0.1999999999999993,6.0
Tom Clancy's Ghost Recon,2002-11-11,Ubisoft,Playstation 2,6.3,18,6.7,4.0,11,2002,0.40000000000000036,6.5
Assassin's Creed Origins: The Curse of the Pharaohs,2018-03-13,Ubisoft,Xbox One,8.4,6,7.0,7.0,3,2018,-1.4000000000000004,7.7
Assassin's Creed Origins: The Curse of the Pharaohs,2018-03-13,Ubisoft,Pc,8.0,3,7.2,13.0,3,2018,-0.7999999999999998,7.6
Assassin's Creed Origins: The Curse of the Pharaohs,2018-03-13,Ubisoft,Playstation 4,8.3,15,7.3,21.0,3,2018,-1.0000000000000009,7.800000000000001
Anno 2070,2011-11-17,Ubisoft,Pc,8.3,33,7.2,155.0,11,2011,-1.1000000000000005,7.75
No More Heroes,2008-01-22,Ubisoft,Wii,8.3,64,8.4,41.0,1,2008,0.09999999999999964,8.350000000000001
No More Heroes,2008-01-22,Ubisoft,Nintendo Switch,8.2,22,8.3,18.0,1,2008,0.10000000000000142,8.25
No More Heroes,2008-01-22,Ubisoft,Pc,6.5,5,6.6,2.0,1,2008,0.09999999999999964,6.55
Anno 1800 Console Edition,2023-03-16,Ubisoft,Playstation 5,8.3,13,6.9,16.0,3,2023,-1.4000000000000004,7.6000000000000005
Anno 1800 Console Edition,2023-03-16,Ubisoft,Xbox Series X,7.8,4,7.7,4.0,3,2023,-0.09999999999999964,7.75
Riven: The Sequel to Myst,1997-10-31,Ubisoft,Pc,8.3,12,7.6,5.0,10,1997,-0.7000000000000011,7.95
Riven: The Sequel to Myst,1997-10-31,Ubisoft,Ios Iphoneipad,8.2,6,6.3,5.0,10,1997,-1.8999999999999995,7.25
Lumines: Electronic Symphony,2012-02-15,Ubisoft,Playstation Vita,8.3,65,7.8,19.0,2,2012,-0.5000000000000009,8.05
Prince of Persia: Warrior Within,2004-11-30,Ubisoft,Psp,6.5,27,7.5,5.0,11,2004,1.0,7.0
Prince of Persia: Warrior Within,2004-11-30,Ubisoft,Playstation 2,8.3,51,8.7,30.0,11,2004,0.3999999999999986,8.5
Prince of Persia: Warrior Within,2004-11-30,Ubisoft,Xbox,8.3,55,8.4,7.0,11,2004,0.09999999999999964,8.350000000000001
Prince of Persia: Warrior Within,2004-11-30,Ubisoft,Gamecube,8.3,31,7.8,3.0,11,2004,-0.5000000000000009,8.05
Prince of Persia: Warrior Within,2004-11-30,Ubisoft,Pc,8.3,29,8.6,73.0,11,2004,0.29999999999999893,8.45
Prince of Persia: Warrior Within,2004-11-30,Ubisoft,Ios Iphoneipad,7.2,8,7.8,1.0,11,2004,0.5999999999999996,7.5
Tom Clancy's Rainbow Six 3: Raven Shield,2003-03-19,Ubisoft,Pc,8.3,29,8.1,8.0,3,2003,-0.20000000000000107,8.2
Rayman 3,2003-03-04,Ubisoft,Game Boy Advance,8.3,21,6.7,6.0,3,2003,-1.6000000000000005,7.5
Myst III: Exile,2001-05-08,Ubisoft,Pc,8.3,22,8.1,11.0,5,2001,-0.20000000000000107,8.2
Assassin's Creed Odyssey,2018-10-02,Ubisoft,Playstation 4,8.3,95,6.8,1.0,10,2018,-1.5000000000000009,7.550000000000001
Assassin's Creed Odyssey,2018-10-02,Ubisoft,Xbox One,8.7,34,6.8,251.0,10,2018,-1.8999999999999995,7.75
Assassin's Creed Odyssey,2018-10-02,Ubisoft,Pc,8.6,17,6.6,707.0,10,2018,-2.0,7.6
Tom Clancy's Rainbow Six: Vegas 2,2008-03-18,Ubisoft,Xbox 360,8.2,66,7.9,18.0,3,2008,-0.29999999999999893,8.05
Tom Clancy's Rainbow Six: Vegas 2,2008-03-18,Ubisoft,Playstation 3,8.1,32,7.6,11.0,3,2008,-0.5,7.85
Tom Clancy's Rainbow Six: Vegas 2,2008-03-18,Ubisoft,Pc,7.8,20,7.4,38.0,3,2008,-0.39999999999999947,7.6
Watch Dogs 2,2016-11-15,Ubisoft,Playstation 4,8.2,99,7.6,459.0,11,2016,-0.5999999999999996,7.8999999999999995
Watch Dogs 2,2016-11-15,Ubisoft,Xbox One,8.1,11,7.4,89.0,11,2016,-0.6999999999999993,7.75
Watch Dogs 2,2016-11-15,Ubisoft,Pc,7.5,18,7.0,275.0,11,2016,-0.5,7.25
Capitalism II,2001-12-16,Ubisoft,Pc,8.2,11,7.9,5.0,12,2001,-0.29999999999999893,8.05
Dawn of Discovery,2009-06-17,Ubisoft,Pc,8.2,32,8.6,16.0,6,2009,0.40000000000000036,8.399999999999999
Dawn of Discovery,2009-06-17,Ubisoft,Ds,8.2,11,6.3,9.0,6,2009,-1.8999999999999995,7.25
Dawn of Discovery,2009-06-17,Ubisoft,Wii,8.1,24,8.1,2.0,6,2009,0.0,8.1
Tom Clancy's The Division 2,2019-03-12,Ubisoft,Playstation 4,8.2,63,6.3,460.0,3,2019,-1.8999999999999995,7.25
Tom Clancy's The Division 2,2019-03-12,Ubisoft,Xbox One,8.2,32,6.0,124.0,3,2019,-2.1999999999999993,7.1
Tom Clancy's The Division 2,2019-03-12,Ubisoft,Pc,8.4,37,4.9,568.0,3,2019,-3.5,6.65
Mario + Rabbids: Kingdom Battle - Donkey Kong Adventure,2018-06-26,Ubisoft,Nintendo Switch,8.2,34,8.3,17.0,6,2018,0.10000000000000142,8.25
Tom Clancy's Ghost Recon: Desert Siege,2002-03-27,Ubisoft,Pc,8.2,14,6.7,2.0,3,2002,-1.4999999999999991,7.449999999999999
Warlords Battlecry II,2002-03-11,Ubisoft,Pc,8.2,21,8.5,4.0,3,2002,0.3000000000000007,8.35
Ape Escape 2,2003-06-30,Ubisoft,Playstation 2,8.2,31,8.2,16.0,6,2003,0.0,8.2
Prince of Persia Classic,2007-06-13,Ubisoft,Xbox 360,8.2,25,7.1,1.0,6,2007,-1.0999999999999996,7.6499999999999995
Prince of Persia Classic,2007-06-13,Ubisoft,Playstation 3,7.3,4,6.3,9.0,6,2007,-1.0,6.8
Prince of Persia Classic,2007-06-13,Ubisoft,Ios Iphoneipad,7.5,9,6.8,9.0,6,2007,-0.7000000000000002,7.15
Child of Light,2014-04-29,Ubisoft,Pc,7.7,16,8.2,107.0,4,2014,0.4999999999999991,7.949999999999999
Child of Light,2014-04-29,Ubisoft,Xbox One,8.2,32,7.7,43.0,4,2014,-0.4999999999999991,7.949999999999999
Child of Light,2014-04-29,Ubisoft,Playstation 4,8.2,46,7.9,117.0,4,2014,-0.29999999999999893,8.05
Child of Light,2014-04-29,Ubisoft,Wii U,8.4,7,8.4,35.0,4,2014,0.0,8.4
Child of Light,2014-04-29,Ubisoft,Xbox 360,7.4,5,7.5,8.0,4,2014,0.09999999999999964,7.45
Child of Light,2014-04-29,Ubisoft,Playstation 3,8.9,6,7.8,22.0,4,2014,-1.1000000000000005,8.35
Child of Light,2014-04-29,Ubisoft,Playstation Vita,8.3,15,7.9,21.0,4,2014,-0.40000000000000036,8.100000000000001
Child of Light,2014-04-29,Ubisoft,Nintendo Switch,8.4,12,8.3,22.0,4,2014,-0.09999999999999964,8.350000000000001
Myst IV: Revelation,2004-09-30,Ubisoft,Xbox,7.5,17,10.0,1.0,9,2004,2.5,8.75
Tom Clancy's Splinter Cell: Blacklist,2013-08-20,Ubisoft,Xbox 360,8.2,58,7.7,101.0,8,2013,-0.4999999999999991,7.949999999999999
Tom Clancy's Splinter Cell: Blacklist,2013-08-20,Ubisoft,Playstation 3,8.4,27,7.8,56.0,8,2013,-0.6000000000000005,8.1
Tom Clancy's Splinter Cell: Blacklist,2013-08-20,Ubisoft,Pc,8.2,13,7.5,199.0,8,2013,-0.6999999999999993,7.85
Tom Clancy's Splinter Cell: Blacklist,2013-08-20,Ubisoft,Wii U,7.5,5,7.8,22.0,8,2013,0.2999999999999998,7.65
Assassin's Creed Shadows,2025-03-20,Ubisoft,Pc,7.9,57,5.0,496.0,3,2025,-2.9000000000000004,6.45
Assassin's Creed Shadows,2025-03-20,Ubisoft,Xbox Series X,8.5,22,6.4,145.0,3,2025,-2.0999999999999996,7.45
Assassin's Creed Shadows,2025-03-20,Ubisoft,Playstation 5,8.2,99,6.2,1.0,3,2025,-1.9999999999999991,7.199999999999999
Trackmania Turbo,2016-03-22,Ubisoft,Playstation 4,8.1,52,7.5,49.0,3,2016,-0.5999999999999996,7.8
Trackmania Turbo,2016-03-22,Ubisoft,Xbox One,7.6,12,7.3,12.0,3,2016,-0.2999999999999998,7.449999999999999
Trackmania Turbo,2016-03-22,Ubisoft,Pc,7.9,13,7.1,11.0,3,2016,-0.8000000000000007,7.5
Chessmaster 10th Edition,2004-08-12,Ubisoft,Pc,8.1,9,7.8,9.0,8,2004,-0.2999999999999998,7.949999999999999
Assassin's Creed,2007-11-13,Ubisoft,Playstation 3,8.1,40,7.1,201.0,11,2007,-1.0,7.6
Assassin's Creed,2007-11-13,Ubisoft,Xbox 360,8.1,77,7.2,205.0,11,2007,-0.8999999999999995,7.65
Assassin's Creed,2007-11-13,Ubisoft,Pc,7.9,38,7.2,264.0,11,2007,-0.7000000000000002,7.550000000000001
Chessmaster 9000,2002-08-31,Ubisoft,Pc,8.1,10,6.9,9.0,8,2002,-1.1999999999999993,7.5
Assassin's Creed Origins,2017-10-27,Ubisoft,Playstation 4,8.1,70,7.3,826.0,10,2017,-0.7999999999999998,7.699999999999999
Assassin's Creed Origins,2017-10-27,Ubisoft,Xbox One,8.5,42,7.5,216.0,10,2017,-1.0,8.0
Assassin's Creed Origins,2017-10-27,Ubisoft,Pc,8.4,31,6.8,517.0,10,2017,-1.6000000000000005,7.6
Anno 1800,2019-04-16,Ubisoft,Pc,8.1,51,7.9,130.0,4,2019,-0.1999999999999993,8.0
Far Cry 5,2018-03-27,Ubisoft,Playstation 4,8.1,90,6.9,666.0,3,2018,-1.1999999999999993,7.5
Far Cry 5,2018-03-27,Ubisoft,Xbox One,8.2,33,6.9,178.0,3,2018,-1.299999999999999,7.55
Far Cry 5,2018-03-27,Ubisoft,Pc,7.8,33,6.4,606.0,3,2018,-1.3999999999999995,7.1
Prince of Persia Trilogy,2011-04-19,Ubisoft,Playstation 3,8.1,21,8.0,18.0,4,2011,-0.09999999999999964,8.05
TrackMania 2 Canyon,2011-09-14,Ubisoft,Pc,8.1,37,7.7,21.0,9,2011,-0.39999999999999947,7.9
Immortals Fenyx Rising,2020-12-03,Ubisoft,Playstation 4,9.0,3,7.5,58.0,12,2020,-1.5,8.25
Immortals Fenyx Rising,2020-12-03,Ubisoft,Xbox One,7.6,4,7.2,11.0,12,2020,-0.39999999999999947,7.4
Immortals Fenyx Rising,2020-12-03,Ubisoft,Pc,7.9,23,7.5,146.0,12,2020,-0.40000000000000036,7.7
Immortals Fenyx Rising,2020-12-03,Ubisoft,Nintendo Switch,7.8,13,7.6,87.0,12,2020,-0.20000000000000018,7.699999999999999
Immortals Fenyx Rising,2020-12-03,Ubisoft,Playstation 5,7.7,43,7.6,178.0,12,2020,-0.10000000000000053,7.65
Immortals Fenyx Rising,2020-12-03,Ubisoft,Xbox Series X,8.1,53,7.6,127.0,12,2020,-0.5,7.85
Prince of Persia,2008-12-02,Ubisoft,Pc,8.2,25,7.4,63.0,12,2008,-0.7999999999999989,7.8
Prince of Persia,2008-12-02,Ubisoft,Playstation 3,8.5,59,7.4,33.0,12,2008,-1.0999999999999996,7.95
Prince of Persia,2008-12-02,Ubisoft,Xbox 360,8.1,73,7.2,34.0,12,2008,-0.8999999999999995,7.65
Tom Clancy's Ghost Recon: Island Thunder,2003-08-06,Ubisoft,Pc,8.2,16,6.2,9.0,8,2003,-1.9999999999999991,7.199999999999999
Tom Clancy's Ghost Recon: Island Thunder,2003-08-06,Ubisoft,Xbox,8.1,33,5.4,9.0,8,2003,-2.6999999999999993,6.75
Watch Dogs,2014-05-27,Ubisoft,Playstation 3,7.5,2,5.6,103.0,5,2014,-1.9000000000000004,6.55
Watch Dogs,2014-05-27,Ubisoft,Xbox 360,7.9,2,5.4,84.0,5,2014,-2.5,6.65
Watch Dogs,2014-05-27,Ubisoft,Pc,7.7,18,6.0,977.0,5,2014,-1.7000000000000002,6.85
Watch Dogs,2014-05-27,Ubisoft,Playstation 4,8.0,80,6.7,931.0,5,2014,-1.2999999999999998,7.35
Watch Dogs,2014-05-27,Ubisoft,Wii U,6.2,15,6.7,42.0,5,2014,0.5,6.45
Watch Dogs,2014-05-27,Ubisoft,Xbox One,7.8,15,6.2,201.0,5,2014,-1.5999999999999996,7.0
Tom Clancy's Ghost Recon 2,2004-11-16,Ubisoft,Playstation 2,5.8,21,4.1,4.0,11,2004,-1.7000000000000002,4.949999999999999
Tom Clancy's Ghost Recon 2,2004-11-16,Ubisoft,Xbox,8.0,53,5.1,9.0,11,2004,-2.9000000000000004,6.55
Conquest: Frontier Wars,2001-08-14,Ubisoft,Pc,8.0,13,7.8,4.0,8,2001,-0.20000000000000018,7.9
Assassin's Creed: Revelations,2011-11-15,Ubisoft,Playstation 3,8.0,39,7.6,231.0,11,2011,-0.40000000000000036,7.8
Assassin's Creed: Revelations,2011-11-15,Ubisoft,Xbox 360,8.0,77,7.6,196.0,11,2011,-0.40000000000000036,7.8
Assassin's Creed: Revelations,2011-11-15,Ubisoft,Pc,8.0,20,7.6,246.0,11,2011,-0.40000000000000036,7.8
Assassin's Creed Valhalla,2020-11-10,Ubisoft,Playstation 4,8.0,54,6.0,975.0,11,2020,-2.0,7.0
Assassin's Creed Valhalla,2020-11-10,Ubisoft,Xbox One,8.2,16,6.0,153.0,11,2020,-2.1999999999999993,7.1
Assassin's Creed Valhalla,2020-11-10,Ubisoft,Playstation 5,8.4,8,6.8,541.0,11,2020,-1.6000000000000005,7.6
Assassin's Creed Valhalla,2020-11-10,Ubisoft,Xbox Series X,8.4,47,6.4,259.0,11,2020,-2.0,7.4
Assassin's Creed Valhalla,2020-11-10,Ubisoft,Pc,8.2,33,6.5,1.0,11,2020,-1.6999999999999993,7.35
Assassin's Creed: The Rebel Collection,2019-12-06,Ubisoft,Nintendo Switch,8.0,25,8.1,41.0,12,2019,0.09999999999999964,8.05
Far Cry 3: Blood Dragon,2013-05-01,Ubisoft,Xbox 360,8.0,51,8.1,94.0,5,2013,0.09999999999999964,8.05
Far Cry 3: Blood Dragon,2013-05-01,Ubisoft,Playstation 3,8.2,24,8.1,36.0,5,2013,-0.09999999999999964,8.149999999999999
Far Cry 3: Blood Dragon,2013-05-01,Ubisoft,Pc,8.1,31,8.1,197.0,5,2013,0.0,8.1
Driver: San Francisco,2011-09-06,Ubisoft,Playstation 3,7.9,53,7.8,32.0,9,2011,-0.10000000000000053,7.85
Driver: San Francisco,2011-09-06,Ubisoft,Xbox 360,8.0,63,7.9,49.0,9,2011,-0.09999999999999964,7.95
Driver: San Francisco,2011-09-06,Ubisoft,Pc,8.0,11,7.4,103.0,9,2011,-0.5999999999999996,7.7
Driver: San Francisco,2011-09-06,Ubisoft,Wii,6.4,7,6.8,6.0,9,2011,0.39999999999999947,6.6
TMNT (2007),2007-03-20,Ubisoft,Game Boy Advance,8.0,7,8.3,2.0,3,2007,0.3000000000000007,8.15
From Dust,2011-07-27,Ubisoft,Xbox 360,8.0,76,7.7,29.0,7,2011,-0.2999999999999998,7.85
From Dust,2011-07-27,Ubisoft,Playstation 3,8.1,11,7.2,9.0,7,2011,-0.8999999999999995,7.65
From Dust,2011-07-27,Ubisoft,Pc,7.6,15,5.0,162.0,7,2011,-2.5999999999999996,6.3
Peter Jackson's King Kong: The Official Game of the Movie,2005-11-21,Ubisoft,Xbox,8.2,43,7.3,1.0,11,2005,-0.8999999999999995,7.75
Peter Jackson's King Kong: The Official Game of the Movie,2005-11-21,Ubisoft,Playstation 2,8.2,41,8.6,21.0,11,2005,0.40000000000000036,8.399999999999999
Peter Jackson's King Kong: The Official Game of the Movie,2005-11-21,Ubisoft,Gamecube,8.1,30,7.9,3.0,11,2005,-0.1999999999999993,8.0
Peter Jackson's King Kong: The Official Game of the Movie,2005-11-21,Ubisoft,Pc,7.7,27,7.6,7.0,11,2005,-0.10000000000000053,7.65
Peter Jackson's King Kong: The Official Game of the Movie,2005-11-21,Ubisoft,Ds,2.8,5,2.6,4.0,11,2005,-0.19999999999999973,2.7
Peter Jackson's King Kong: The Official Game of the Movie,2005-11-21,Ubisoft,Psp,5.6,10,7.1,3.0,11,2005,1.5,6.35
Peter Jackson's King Kong: The Official Game of the Movie,2005-11-21,Ubisoft,Xbox 360,8.0,57,7.8,16.0,11,2005,-0.20000000000000018,7.9
Red Steel 2,2010-03-23,Ubisoft,Wii,8.0,73,8.0,27.0,3,2010,0.0,8.0
Tom Clancy's The Division,2016-03-08,Ubisoft,Playstation 4,8.0,67,7.0,662.0,3,2016,-1.0,7.5
Tom Clancy's The Division,2016-03-08,Ubisoft,Xbox One,8.0,34,6.9,165.0,3,2016,-1.0999999999999996,7.45
Tom Clancy's The Division,2016-03-08,Ubisoft,Pc,7.9,35,6.0,390.0,3,2016,-1.9000000000000004,6.95
Naruto: The Broken Bond,2008-11-08,Ubisoft,Xbox 360,8.0,34,8.1,7.0,11,2008,0.09999999999999964,8.05
Myst V: End of Ages,2005-09-19,Ubisoft,Pc,8.0,26,7.2,10.0,9,2005,-0.7999999999999998,7.6
Silent Hunter: Wolves of the Pacific,2007-03-20,Ubisoft,Pc,7.9,22,7.7,6.0,3,2007,-0.20000000000000018,7.800000000000001
Scott Pilgrim vs. the World: The Game - Complete Edition,2021-01-14,Ubisoft,Playstation 4,7.5,27,6.2,12.0,1,2021,-1.2999999999999998,6.85
Scott Pilgrim vs. the World: The Game - Complete Edition,2021-01-14,Ubisoft,Xbox One,7.8,22,7.1,8.0,1,2021,-0.7000000000000002,7.449999999999999
Scott Pilgrim vs. the World: The Game - Complete Edition,2021-01-14,Ubisoft,Nintendo Switch,7.9,41,7.4,21.0,1,2021,-0.5,7.65
Scott Pilgrim vs. the World: The Game - Complete Edition,2021-01-14,Ubisoft,Pc,7.5,12,5.5,10.0,1,2021,-2.0,6.5
South Park: The Fractured But Whole,2017-10-17,Ubisoft,Playstation 4,7.9,75,7.8,154.0,10,2017,-0.10000000000000053,7.85
South Park: The Fractured But Whole,2017-10-17,Ubisoft,Xbox One,8.4,31,8.1,24.0,10,2017,-0.3000000000000007,8.25
South Park: The Fractured But Whole,2017-10-17,Ubisoft,Pc,8.1,26,7.1,99.0,10,2017,-1.0,7.6
South Park: The Fractured But Whole,2017-10-17,Ubisoft,Nintendo Switch,8.0,32,7.8,49.0,10,2017,-0.20000000000000018,7.9
Tom Clancy's Ghost Recon: Future Soldier,2012-05-22,Ubisoft,Pc,7.1,13,5.3,116.0,5,2012,-1.7999999999999998,6.199999999999999
Tom Clancy's Ghost Recon: Future Soldier,2012-05-22,Ubisoft,Xbox 360,7.9,75,7.3,135.0,5,2012,-0.6000000000000005,7.6
Tom Clancy's Ghost Recon: Future Soldier,2012-05-22,Ubisoft,Playstation 3,7.9,18,6.9,59.0,5,2012,-1.0,7.4
Trials Fusion,2014-04-15,Ubisoft,Xbox One,8.0,28,7.1,44.0,4,2014,-0.9000000000000004,7.55
Trials Fusion,2014-04-15,Ubisoft,Xbox 360,8.0,3,7.4,6.0,4,2014,-0.5999999999999996,7.7
Trials Fusion,2014-04-15,Ubisoft,Playstation 4,7.9,51,7.0,57.0,4,2014,-0.9000000000000004,7.45
Trials Fusion,2014-04-15,Ubisoft,Pc,8.0,12,6.9,19.0,4,2014,-1.0999999999999996,7.45
Just Dance 2014 (French),2013-10-08,Ubisoft,Xbox One,7.1,6,7.0,9.0,10,2013,-0.09999999999999964,7.05
Just Dance 2014 (French),2013-10-08,Ubisoft,Playstation 4,7.5,4,5.9,16.0,10,2013,-1.5999999999999996,6.7
Just Dance 2014 (French),2013-10-08,Ubisoft,Xbox 360,7.9,16,8.0,5.0,10,2013,0.09999999999999964,7.95
Just Dance 2014 (French),2013-10-08,Ubisoft,Playstation 3,7.7,6,7.1,9.0,10,2013,-0.6000000000000005,7.4
Just Dance 2014 (French),2013-10-08,Ubisoft,Wii,8.6,2,6.0,3.0,10,2013,-2.5999999999999996,7.3
Just Dance 2014 (French),2013-10-08,Ubisoft,Wii U,7.2,13,7.8,4.0,10,2013,0.5999999999999996,7.5
Uru: Ages Beyond Myst,2003-11-11,Ubisoft,Pc,7.9,22,7.0,3.0,11,2003,-0.9000000000000004,7.45
Trials Rising,2019-02-26,Ubisoft,Playstation 4,7.9,57,6.4,13.0,2,2019,-1.5,7.15
Trials Rising,2019-02-26,Ubisoft,Xbox One,8.5,16,5.5,8.0,2,2019,-3.0,7.0
Trials Rising,2019-02-26,Ubisoft,Nintendo Switch,7.8,13,7.4,13.0,2,2019,-0.39999999999999947,7.6
Trials Rising,2019-02-26,Ubisoft,Pc,8.3,13,5.1,17.0,2,2019,-3.200000000000001,6.7
Chessmaster,2004-10-26,Ubisoft,Playstation 2,7.9,9,10.0,1.0,10,2004,2.0999999999999996,8.95
Beyond Good & Evil 20th Anniversary Edition,2024-06-25,Ubisoft,Playstation 5,7.9,26,7.3,10.0,6,2024,-0.6000000000000005,7.6
Beyond Good & Evil 20th Anniversary Edition,2024-06-25,Ubisoft,Xbox Series X,8.2,10,10.0,2.0,6,2024,1.8000000000000007,9.1
Beyond Good & Evil 20th Anniversary Edition,2024-06-25,Ubisoft,Nintendo Switch,7.9,7,8.0,1.0,6,2024,0.09999999999999964,7.95
Beyond Good & Evil 20th Anniversary Edition,2024-06-25,Ubisoft,Pc,8.0,11,4.0,5.0,6,2024,-4.0,6.0
Lunar Legend,2002-12-10,Ubisoft,Game Boy Advance,7.9,20,6.3,2.0,12,2002,-1.6000000000000005,7.1
The Settlers 7: Paths to a Kingdom,2010-03-23,Ubisoft,Pc,7.9,33,6.0,38.0,3,2010,-1.9000000000000004,6.95
TrackMania 2 Valley,2013-07-04,Ubisoft,Pc,7.9,7,8.1,8.0,7,2013,0.1999999999999993,8.0
Deathrow,2002-10-22,Ubisoft,Xbox,7.9,18,7.3,9.0,10,2002,-0.6000000000000005,7.6
Far Cry Instincts Evolution,2006-03-28,Ubisoft,Xbox,7.8,15,6.9,2.0,3,2006,-0.8999999999999995,7.35
For Honor: Marching Fire,2018-10-16,Ubisoft,Playstation 4,7.8,8,4.0,3.0,10,2018,-3.8,5.9
For Honor,2017-02-14,Ubisoft,Playstation 4,7.8,62,6.1,325.0,2,2017,-1.7000000000000002,6.949999999999999
For Honor,2017-02-14,Ubisoft,Xbox One,7.9,26,5.9,80.0,2,2017,-2.0,6.9
For Honor,2017-02-14,Ubisoft,Pc,7.6,34,5.2,286.0,2,2017,-2.3999999999999995,6.4
Rabbids Go Home,2009-11-01,Ubisoft,Wii,7.8,50,8.3,26.0,11,2009,0.5000000000000009,8.05
Rabbids Go Home,2009-11-01,Ubisoft,Ds,7.0,7,5.8,2.0,11,2009,-1.2000000000000002,6.4
Assassin's Creed Nexus VR,2023-11-16,Ubisoft,Meta Quest,7.8,33,7.9,11.0,11,2023,0.10000000000000053,7.85
Naruto: Rise of a Ninja,2007-10-30,Ubisoft,Xbox 360,7.8,35,7.8,15.0,10,2007,0.0,7.8
Anno 1701: Dawn of Discovery,2008-03-04,Ubisoft,Ds,7.8,14,7.4,9.0,3,2008,-0.39999999999999947,7.6
Far Cry Instincts Predator,2006-03-28,Ubisoft,Xbox 360,7.8,46,6.7,11.0,3,2006,-1.0999999999999996,7.25
R.U.S.E.,2010-09-07,Ubisoft,Pc,7.6,33,8.1,63.0,9,2010,0.5,7.85
R.U.S.E.,2010-09-07,Ubisoft,Playstation 3,7.6,37,7.9,12.0,9,2010,0.3000000000000007,7.75
R.U.S.E.,2010-09-07,Ubisoft,Xbox 360,7.8,45,7.7,17.0,9,2010,-0.09999999999999964,7.75
Dawn of Discovery: Venice,2010-02-26,Ubisoft,Pc,7.8,16,8.6,2.0,2,2010,0.7999999999999998,8.2
Tom Clancy's Ghost Recon: Shadow Wars,2011-03-22,Ubisoft,3Ds,7.7,49,7.9,28.0,3,2011,0.20000000000000018,7.800000000000001
Rayman 3: Hoodlum Havoc,2003-03-04,Ubisoft,Xbox 360,6.9,17,7.5,12.0,3,2003,0.5999999999999996,7.2
Rayman 3: Hoodlum Havoc,2003-03-04,Ubisoft,Playstation 3,7.2,15,6.8,12.0,3,2003,-0.40000000000000036,7.0
Rayman 3: Hoodlum Havoc,2003-03-04,Ubisoft,Playstation 2,7.6,21,8.7,19.0,3,2003,1.0999999999999996,8.149999999999999
Rayman 3: Hoodlum Havoc,2003-03-04,Ubisoft,Pc,7.4,8,8.4,17.0,3,2003,1.0,7.9
Rayman 3: Hoodlum Havoc,2003-03-04,Ubisoft,Gamecube,7.7,24,8.3,16.0,3,2003,0.6000000000000005,8.0
Rayman 3: Hoodlum Havoc,2003-03-04,Ubisoft,Xbox,7.5,13,8.4,7.0,3,2003,0.9000000000000004,7.95
Your Shape Fitness Evolved 2012,2011-11-08,Ubisoft,Xbox 360,7.7,13,7.5,7.0,11,2011,-0.20000000000000018,7.6
Call of Juarez: Bound in Blood,2009-06-30,Ubisoft,Playstation 3,7.8,47,7.4,11.0,6,2009,-0.39999999999999947,7.6
Call of Juarez: Bound in Blood,2009-06-30,Ubisoft,Pc,7.8,39,7.8,52.0,6,2009,0.0,7.8
Call of Juarez: Bound in Blood,2009-06-30,Ubisoft,Xbox 360,7.7,77,7.4,10.0,6,2009,-0.2999999999999998,7.550000000000001
Valiant Hearts: The Great War,2014-06-24,Ubisoft,Pc,7.9,28,8.6,116.0,6,2014,0.6999999999999993,8.25
Valiant Hearts: The Great War,2014-06-24,Ubisoft,Playstation 3,7.7,4,7.9,15.0,6,2014,0.20000000000000018,7.800000000000001
Valiant Hearts: The Great War,2014-06-24,Ubisoft,Xbox 360,8.0,1,7.8,7.0,6,2014,-0.20000000000000018,7.9
Valiant Hearts: The Great War,2014-06-24,Ubisoft,Playstation 4,7.7,48,8.3,123.0,6,2014,0.6000000000000005,8.0
Valiant Hearts: The Great War,2014-06-24,Ubisoft,Xbox One,8.1,16,8.0,40.0,6,2014,-0.09999999999999964,8.05
Valiant Hearts: The Great War,2014-06-24,Ubisoft,Ios Iphoneipad,8.7,10,7.7,11.0,6,2014,-0.9999999999999991,8.2
Valiant Hearts: The Great War,2014-06-24,Ubisoft,Nintendo Switch,7.7,17,8.0,15.0,6,2014,0.2999999999999998,7.85
Scott Pilgrim vs. the World: The Game,2010-08-10,Ubisoft,Xbox 360,7.3,25,7.6,12.0,8,2010,0.2999999999999998,7.449999999999999
Scott Pilgrim vs. the World: The Game,2010-08-10,Ubisoft,Playstation 3,7.7,49,7.8,38.0,8,2010,0.09999999999999964,7.75
Heroes of Might and Magic V,2006-05-23,Ubisoft,Pc,7.7,41,8.1,69.0,5,2006,0.39999999999999947,7.9
Riders Republic,2021-10-28,Ubisoft,Playstation 5,7.7,51,6.8,73.0,10,2021,-0.9000000000000004,7.25
Riders Republic,2021-10-28,Ubisoft,Xbox Series X,7.9,27,6.6,18.0,10,2021,-1.3000000000000007,7.25
Riders Republic,2021-10-28,Ubisoft,Playstation 4,8.2,2,6.0,13.0,10,2021,-2.1999999999999993,7.1
Riders Republic,2021-10-28,Ubisoft,Xbox One,9.0,3,4.7,1.0,10,2021,-4.3,6.85
Riders Republic,2021-10-28,Ubisoft,Pc,7.8,25,6.8,40.0,10,2021,-1.0,7.3
Rocksmith,2011-10-18,Ubisoft,Xbox 360,7.7,30,8.2,37.0,10,2011,0.4999999999999991,7.949999999999999
Rocksmith,2011-10-18,Ubisoft,Playstation 3,8.0,27,8.2,29.0,10,2011,0.1999999999999993,8.1
Rocksmith,2011-10-18,Ubisoft,Pc,7.8,5,8.1,28.0,10,2011,0.2999999999999998,7.949999999999999
Just Dance 2023 Edition,2022-11-22,Ubisoft,Nintendo Switch,7.7,12,6.9,18.0,11,2022,-0.7999999999999998,7.300000000000001
Just Dance 2023 Edition,2022-11-22,Ubisoft,Playstation 5,7.0,4,3.8,7.0,11,2022,-3.2,5.4
Just Dance 2023 Edition,2022-11-22,Ubisoft,Xbox Series X,8.0,4,5.5,2.0,11,2022,-2.5,6.75
Might & Magic: Clash of Heroes - Definitive Edition,2023-07-20,Ubisoft,Pc,7.7,9,6.7,1.0,7,2023,-1.0,7.2
Might & Magic: Clash of Heroes - Definitive Edition,2023-07-20,Ubisoft,Playstation 4,7.9,4,7.0,1.0,7,2023,-0.9000000000000004,7.45
Might & Magic: Clash of Heroes - Definitive Edition,2023-07-20,Ubisoft,Nintendo Switch,8.1,6,9.0,3.0,7,2023,0.9000000000000004,8.55
Might & Magic: Heroes VI,2011-10-13,Ubisoft,Pc,7.7,48,6.0,193.0,10,2011,-1.7000000000000002,6.85
Tom Clancy's EndWar,2008-11-04,Ubisoft,Playstation 3,7.6,33,6.7,3.0,11,2008,-0.8999999999999995,7.15
Tom Clancy's EndWar,2008-11-04,Ubisoft,Xbox 360,7.7,63,7.4,6.0,11,2008,-0.2999999999999998,7.550000000000001
Tom Clancy's EndWar,2008-11-04,Ubisoft,Pc,6.8,24,6.4,9.0,11,2008,-0.39999999999999947,6.6
Tom Clancy's EndWar,2008-11-04,Ubisoft,Psp,6.8,7,7.0,9.0,11,2008,0.20000000000000018,6.9
Tom Clancy's EndWar,2008-11-04,Ubisoft,Ds,6.9,11,7.0,2.0,11,2008,0.09999999999999964,6.95
Exit (2008),2006-02-14,Ubisoft,Psp,7.7,36,7.9,1.0,2,2006,0.20000000000000018,7.800000000000001
Exit (2008),2006-02-14,Ubisoft,Xbox 360,7.5,12,7.0,9.0,2,2006,-0.5,7.25
ZombiU,2012-11-18,Ubisoft,Playstation 4,7.1,29,5.9,41.0,11,2012,-1.1999999999999993,6.5
ZombiU,2012-11-18,Ubisoft,Xbox One,7.2,18,6.2,13.0,11,2012,-1.0,6.7
ZombiU,2012-11-18,Ubisoft,Pc,6.5,11,5.0,19.0,11,2012,-1.5,5.75
ZombiU,2012-11-18,Ubisoft,Wii U,7.7,70,7.7,225.0,11,2012,0.0,7.7
Just Dance 4,2012-10-09,Ubisoft,Xbox 360,7.7,23,7.9,7.0,10,2012,0.20000000000000018,7.800000000000001
Just Dance 4,2012-10-09,Ubisoft,Playstation 3,7.7,5,7.2,4.0,10,2012,-0.5,7.45
Just Dance 4,2012-10-09,Ubisoft,Wii,7.4,10,7.7,9.0,10,2012,0.2999999999999998,7.550000000000001
Just Dance 4,2012-10-09,Ubisoft,Wii U,6.6,14,7.9,4.0,10,2012,1.3000000000000007,7.25
Tom Clancy's Rainbow Six: Rogue Spear (2002),2002-03-18,Ubisoft,Game Boy Advance,7.6,7,6.5,9.0,3,2002,-1.0999999999999996,7.05
Rayman Raving Rabbids,2006-11-14,Ubisoft,Xbox 360,6.7,16,6.9,2.0,11,2006,0.20000000000000018,6.800000000000001
Rayman Raving Rabbids,2006-11-14,Ubisoft,Playstation 2,6.4,8,7.3,5.0,11,2006,0.8999999999999995,6.85
Rayman Raving Rabbids,2006-11-14,Ubisoft,Pc,5.8,6,6.7,11.0,11,2006,0.9000000000000004,6.25
Rayman Raving Rabbids,2006-11-14,Ubisoft,Wii,7.6,54,6.9,16.0,11,2006,-0.6999999999999993,7.25
Assassin's Creed Mirage,2023-10-05,Ubisoft,Playstation 5,7.6,99,7.0,644.0,10,2023,-0.5999999999999996,7.3
Assassin's Creed Mirage,2023-10-05,Ubisoft,Xbox Series X,7.7,34,6.9,84.0,10,2023,-0.7999999999999998,7.300000000000001
Assassin's Creed Mirage,2023-10-05,Ubisoft,Pc,7.6,30,6.0,206.0,10,2023,-1.5999999999999996,6.8
Assassin's Creed Mirage,2023-10-05,Ubisoft,Playstation 4,6.5,2,6.9,22.0,10,2023,0.40000000000000036,6.7
Heroes of the Pacific,2005-09-28,Ubisoft,Playstation 2,7.6,31,5.8,4.0,9,2005,-1.7999999999999998,6.699999999999999
Heroes of the Pacific,2005-09-28,Ubisoft,Xbox,7.6,33,8.8,9.0,9,2005,1.200000000000001,8.2
Heroes of the Pacific,2005-09-28,Ubisoft,Pc,7.6,18,8.4,4.0,9,2005,0.8000000000000007,8.0
Oleg Maddox presents: Pacific Fighters,2004-10-26,Ubisoft,Pc,7.6,20,7.8,1.0,10,2004,0.20000000000000018,7.699999999999999
Call of Juarez: Gunslinger,2013-05-22,Ubisoft,Playstation 3,7.5,16,8.0,28.0,5,2013,0.5,7.75
Call of Juarez: Gunslinger,2013-05-22,Ubisoft,Pc,7.9,23,8.1,218.0,5,2013,0.1999999999999993,8.0
Call of Juarez: Gunslinger,2013-05-22,Ubisoft,Xbox 360,7.6,36,7.9,43.0,5,2013,0.3000000000000007,7.75
Call of Juarez: Gunslinger,2013-05-22,Ubisoft,Nintendo Switch,7.2,14,8.0,26.0,5,2013,0.7999999999999998,7.6
Brothers in Arms: Hell's Highway,2008-09-23,Ubisoft,Playstation 3,7.6,48,7.5,5.0,9,2008,-0.09999999999999964,7.55
Brothers in Arms: Hell's Highway,2008-09-23,Ubisoft,Xbox 360,7.6,65,7.4,16.0,9,2008,-0.1999999999999993,7.5
Brothers in Arms: Hell's Highway,2008-09-23,Ubisoft,Pc,7.9,22,7.8,30.0,9,2008,-0.10000000000000053,7.85
Werewolves Within,2016-12-06,Ubisoft,Pc,8.5,3,7.0,9.0,12,2016,-1.5,7.75
Werewolves Within,2016-12-06,Ubisoft,Playstation 4,7.6,17,6.8,11.0,12,2016,-0.7999999999999998,7.199999999999999
Assassin's Creed Syndicate,2015-10-23,Ubisoft,Playstation 4,7.6,88,6.8,453.0,10,2015,-0.7999999999999998,7.199999999999999
Assassin's Creed Syndicate,2015-10-23,Ubisoft,Xbox One,7.8,22,6.4,122.0,10,2015,-1.3999999999999995,7.1
Assassin's Creed Syndicate,2015-10-23,Ubisoft,Pc,7.4,15,7.1,263.0,10,2015,-0.3000000000000007,7.25
Far Cry 6 - Vaas: Insanity,2021-11-16,Ubisoft,Playstation 5,8.0,2,4.5,3.0,11,2021,-3.5,6.25
Far Cry 6 - Vaas: Insanity,2021-11-16,Ubisoft,Xbox Series X,8.0,1,2.8,1.0,11,2021,-5.2,5.4
Far Cry 6 - Vaas: Insanity,2021-11-16,Ubisoft,Pc,7.6,12,4.8,25.0,11,2021,-2.8,6.199999999999999
Your Shape: Fitness Evolved 2013,2012-11-18,Ubisoft,Wii U,7.6,8,7.0,3.0,11,2012,-0.5999999999999996,7.3
Far Cry Primal,2016-02-23,Ubisoft,Playstation 4,7.6,95,6.7,241.0,2,2016,-0.8999999999999995,7.15
Far Cry Primal,2016-02-23,Ubisoft,Xbox One,7.7,28,6.7,73.0,2,2016,-1.0,7.2
Far Cry Primal,2016-02-23,Ubisoft,Pc,7.4,19,6.4,169.0,2,2016,-1.0,6.9
Speed Devils Online Racing,2000-12-13,Ubisoft,Dreamcast,7.6,10,7.0,1.0,12,2000,-0.5999999999999996,7.3
Jade Cocoon 2,2001-12-17,Ubisoft,Playstation 2,7.6,16,7.1,3.0,12,2001,-0.5,7.35
The Crew Motorfest,2023-09-14,Ubisoft,Playstation 5,7.6,55,7.2,189.0,9,2023,-0.39999999999999947,7.4
The Crew Motorfest,2023-09-14,Ubisoft,Xbox Series X,7.5,21,6.5,25.0,9,2023,-1.0,7.0
The Crew Motorfest,2023-09-14,Ubisoft,Pc,7.6,16,5.8,31.0,9,2023,-1.7999999999999998,6.699999999999999
ShootMania Storm,2013-04-10,Ubisoft,Pc,7.6,47,7.3,14.0,4,2013,-0.2999999999999998,7.449999999999999
Watch Dogs: Legion,2020-10-29,Ubisoft,Playstation 4,7.0,38,5.3,427.0,10,2020,-1.7000000000000002,6.15
Watch Dogs: Legion,2020-10-29,Ubisoft,Xbox One,7.6,52,5.9,324.0,10,2020,-1.6999999999999993,6.75
Watch Dogs: Legion,2020-10-29,Ubisoft,Pc,7.2,50,5.3,709.0,10,2020,-1.9000000000000004,6.25
Watch Dogs: Legion,2020-10-29,Ubisoft,Playstation 5,6.6,4,5.2,119.0,10,2020,-1.3999999999999995,5.9
Watch Dogs: Legion,2020-10-29,Ubisoft,Xbox Series X,7.4,4,5.3,40.0,10,2020,-2.1000000000000005,6.35
Watch Dogs: Bad Blood,2014-09-30,Ubisoft,Xbox One,7.7,4,6.1,3.0,9,2014,-1.6000000000000005,6.9
Watch Dogs: Bad Blood,2014-09-30,Ubisoft,Playstation 4,7.6,9,7.4,13.0,9,2014,-0.1999999999999993,7.5
Watch Dogs: Bad Blood,2014-09-30,Ubisoft,Pc,8.2,2,6.9,10.0,9,2014,-1.299999999999999,7.55
Panzer General: Allied Assault,2009-10-21,Ubisoft,Xbox 360,7.5,20,6.6,3.0,10,2009,-0.9000000000000004,7.05
Star Wars Outlaws,2024-08-27,Ubisoft,Xbox Series X,7.6,32,6.2,155.0,8,2024,-1.3999999999999995,6.9
Star Wars Outlaws,2024-08-27,Ubisoft,Playstation 5,7.5,92,5.4,894.0,8,2024,-2.0999999999999996,6.45
Star Wars Outlaws,2024-08-27,Ubisoft,Pc,7.7,43,5.1,452.0,8,2024,-2.6000000000000005,6.4
Bomberman (2005),2005-06-21,Ubisoft,Ds,7.5,30,7.5,2.0,6,2005,0.0,7.5
Grow Home,2015-02-04,Ubisoft,Pc,7.5,46,7.5,29.0,2,2015,0.0,7.5
Grow Home,2015-02-04,Ubisoft,Playstation 4,7.4,7,6.2,51.0,2,2015,-1.2000000000000002,6.800000000000001
Shadowbane,2003-03-25,Ubisoft,Pc,7.5,16,6.7,1.0,3,2003,-0.7999999999999998,7.1
Star Trek: Bridge Crew,2017-05-30,Ubisoft,Pc,7.8,12,7.7,7.0,5,2017,-0.09999999999999964,7.75
Star Trek: Bridge Crew,2017-05-30,Ubisoft,Playstation 4,7.5,43,7.1,23.0,5,2017,-0.40000000000000036,7.3
Ode,2017-11-27,Ubisoft,Pc,7.5,20,6.7,2.0,11,2017,-0.7999999999999998,7.1
Assassin's Creed: Brotherhood - The Da Vinci Disappearance,2011-03-08,Ubisoft,Playstation 3,7.6,9,7.7,11.0,3,2011,0.10000000000000053,7.65
Assassin's Creed: Brotherhood - The Da Vinci Disappearance,2011-03-08,Ubisoft,Xbox 360,7.5,13,8.0,5.0,3,2011,0.5,7.75
Tom Clancy's Rainbow Six: Lockdown,2005-09-06,Ubisoft,Playstation 2,7.0,15,5.3,2.0,9,2005,-1.7000000000000002,6.15
Tom Clancy's Rainbow Six: Lockdown,2005-09-06,Ubisoft,Xbox,7.4,39,5.8,9.0,9,2005,-1.6000000000000005,6.6
Tom Clancy's Rainbow Six: Lockdown,2005-09-06,Ubisoft,Pc,5.9,17,5.1,7.0,9,2005,-0.8000000000000007,5.5
Far Cry 4: Valley of the Yetis,2015-03-10,Ubisoft,Playstation 4,7.4,15,7.1,8.0,3,2015,-0.3000000000000007,7.25
Far Cry 4: Valley of the Yetis,2015-03-10,Ubisoft,Xbox One,7.6,7,7.1,4.0,3,2015,-0.5,7.35
Far Cry 4: Valley of the Yetis,2015-03-10,Ubisoft,Pc,6.8,1,5.9,2.0,3,2015,-0.8999999999999995,6.35
XIII,2003-11-18,Ubisoft,Playstation 2,7.3,37,8.0,9.0,11,2003,0.7000000000000002,7.65
XIII,2003-11-18,Ubisoft,Xbox,7.4,38,7.3,4.0,11,2003,-0.10000000000000053,7.35
XIII,2003-11-18,Ubisoft,Gamecube,7.3,27,7.8,5.0,11,2003,0.5,7.55
XIII,2003-11-18,Ubisoft,Pc,7.2,27,7.7,17.0,11,2003,0.5,7.45
Starlink: Battle for Atlas,2018-10-16,Ubisoft,Nintendo Switch,7.4,69,7.7,79.0,10,2018,0.2999999999999998,7.550000000000001
Starlink: Battle for Atlas,2018-10-16,Ubisoft,Playstation 4,7.0,17,5.7,10.0,10,2018,-1.2999999999999998,6.35
Starlink: Battle for Atlas,2018-10-16,Ubisoft,Xbox One,7.8,14,6.6,3.0,10,2018,-1.2000000000000002,7.199999999999999
Trackmania,2020-07-01,Ubisoft,Pc,7.4,27,4.9,95.0,7,2020,-2.5,6.15
Trackmania,2020-07-01,Ubisoft,Xbox Series X,8.5,2,8.0,1.0,7,2020,-0.5,8.25
Broken Sword: Shadow of the Templars,2009-03-24,Ubisoft,Ios Iphoneipad,9.1,9,8.4,6.0,3,2009,-0.6999999999999993,8.75
Broken Sword: Shadow of the Templars,2009-03-24,Ubisoft,Wii,7.4,29,8.7,2.0,3,2009,1.299999999999999,8.05
Broken Sword: Shadow of the Templars,2009-03-24,Ubisoft,Ds,7.8,22,7.5,2.0,3,2009,-0.2999999999999998,7.65
Broken Sword: Shadow of the Templars,2009-03-24,Ubisoft,Pc,8.0,3,8.2,17.0,3,2009,0.1999999999999993,8.1
Just Dance 2,2010-10-12,Ubisoft,Wii,7.4,24,7.2,10.0,10,2010,-0.20000000000000018,7.300000000000001
Just Dance 2020,2019-11-05,Ubisoft,Playstation 4,7.7,5,5.0,9.0,11,2019,-2.7,6.35
Just Dance 2020,2019-11-05,Ubisoft,Nintendo Switch,7.4,13,6.4,22.0,11,2019,-1.0,6.9
Just Dance 2020,2019-11-05,Ubisoft,Xbox One,8.5,3,6.6,7.0,11,2019,-1.9000000000000004,7.55
Prince of Persia: The Forgotten Sands,2010-05-18,Ubisoft,Xbox 360,7.4,69,7.4,31.0,5,2010,0.0,7.4
Prince of Persia: The Forgotten Sands,2010-05-18,Ubisoft,Playstation 3,7.5,49,7.3,32.0,5,2010,-0.20000000000000018,7.4
Prince of Persia: The Forgotten Sands,2010-05-18,Ubisoft,Ds,5.7,7,7.5,1.0,5,2010,1.7999999999999998,6.6
Prince of Persia: The Forgotten Sands,2010-05-18,Ubisoft,Wii,7.7,24,8.4,6.0,5,2010,0.7000000000000002,8.05
Prince of Persia: The Forgotten Sands,2010-05-18,Ubisoft,Pc,7.5,16,6.9,45.0,5,2010,-0.5999999999999996,7.2
Prince of Persia: The Forgotten Sands,2010-05-18,Ubisoft,Psp,6.5,10,7.5,2.0,5,2010,1.0,7.0
Rocky (2002),2002-11-17,Ubisoft,Xbox,7.4,22,6.8,1.0,11,2002,-0.6000000000000005,7.1
Rocky (2002),2002-11-17,Ubisoft,Game Boy Advance,6.3,10,10.0,1.0,11,2002,3.7,8.15
Rocky (2002),2002-11-17,Ubisoft,Playstation 2,7.4,14,7.5,1.0,11,2002,0.09999999999999964,7.45
Your Shape: Fitness Evolved,2010-11-04,Ubisoft,Xbox 360,7.3,32,8.1,6.0,11,2010,0.7999999999999998,7.699999999999999
Tom Clancy's Rainbow Six Extraction,2022-01-20,Ubisoft,Xbox One,8.6,3,4.0,7.0,1,2022,-4.6,6.3
Tom Clancy's Rainbow Six Extraction,2022-01-20,Ubisoft,Pc,6.9,44,4.8,93.0,1,2022,-2.1000000000000005,5.85
Tom Clancy's Rainbow Six Extraction,2022-01-20,Ubisoft,Playstation 5,7.3,49,5.2,68.0,1,2022,-2.0999999999999996,6.25
Tom Clancy's Rainbow Six Extraction,2022-01-20,Ubisoft,Xbox Series X,7.1,35,5.8,40.0,1,2022,-1.2999999999999998,6.449999999999999
Assassin's Creed III - The Infamy,2013-02-19,Ubisoft,Playstation 3,7.5,5,5.0,4.0,2,2013,-2.5,6.25
Assassin's Creed III - The Infamy,2013-02-19,Ubisoft,Pc,6.8,2,5.6,11.0,2,2013,-1.2000000000000002,6.199999999999999
Assassin's Creed III - The Infamy,2013-02-19,Ubisoft,Xbox 360,7.3,20,5.0,9.0,2,2013,-2.3,6.15
Assassin's Creed Valhalla: Wrath of the Druids,2021-05-13,Ubisoft,Playstation 5,7.0,18,4.5,24.0,5,2021,-2.5,5.75
Assassin's Creed Valhalla: Wrath of the Druids,2021-05-13,Ubisoft,Pc,7.0,15,6.0,25.0,5,2021,-1.0,6.5
Assassin's Creed Valhalla: Wrath of the Druids,2021-05-13,Ubisoft,Xbox Series X,7.3,24,6.3,7.0,5,2021,-1.0,6.8
Assassin's Creed Valhalla: Wrath of the Druids,2021-05-13,Ubisoft,Xbox One,8.3,1,5.0,2.0,5,2021,-3.3000000000000007,6.65
Assassin's Creed Valhalla: Wrath of the Druids,2021-05-13,Ubisoft,Playstation 4,9.0,2,5.7,5.0,5,2021,-3.3,7.35
Just Dance 2016,2015-10-20,Ubisoft,Playstation 4,7.3,10,5.8,8.0,10,2015,-1.5,6.55
Just Dance 2016,2015-10-20,Ubisoft,Xbox One,6.6,10,5.9,6.0,10,2015,-0.6999999999999993,6.25
Just Dance 2016,2015-10-20,Ubisoft,Wii U,7.3,7,7.5,4.0,10,2015,0.20000000000000018,7.4
Just Dance 2016,2015-10-20,Ubisoft,Xbox 360,8.0,1,6.7,9.0,10,2015,-1.2999999999999998,7.35
Super Bust-A-Move 2,2002-09-24,Ubisoft,Playstation 2,7.3,13,8.0,1.0,9,2002,0.7000000000000002,7.65
The Crew: Wild Run,2015-11-17,Ubisoft,Playstation 4,7.3,13,6.5,10.0,11,2015,-0.7999999999999998,6.9
The Crew: Wild Run,2015-11-17,Ubisoft,Xbox One,6.5,5,6.5,1.0,11,2015,0.0,6.5
The Crew: Wild Run,2015-11-17,Ubisoft,Pc,7.4,6,7.2,4.0,11,2015,-0.20000000000000018,7.300000000000001
Rayman Raving Rabbids: TV Party,2008-11-18,Ubisoft,Wii,7.3,24,6.1,15.0,11,2008,-1.2000000000000002,6.699999999999999
Rayman Raving Rabbids: TV Party,2008-11-18,Ubisoft,Ds,4.0,1,4.2,5.0,11,2008,0.20000000000000018,4.1
Worms Blast,2002-10-23,Ubisoft,Pc,7.3,12,6.7,5.0,10,2002,-0.5999999999999996,7.0
Worms Blast,2002-10-23,Ubisoft,Gamecube,6.5,12,8.5,9.0,10,2002,2.0,7.5
Watch Dogs: Legion - Bloodline,2021-07-06,Ubisoft,Pc,7.3,9,7.0,16.0,7,2021,-0.2999999999999998,7.15
Watch Dogs: Legion - Bloodline,2021-07-06,Ubisoft,Playstation 5,7.0,6,7.4,5.0,7,2021,0.40000000000000036,7.2
Watch Dogs: Legion - Bloodline,2021-07-06,Ubisoft,Xbox Series X,8.1,6,6.4,2.0,7,2021,-1.6999999999999993,7.25
Eagle Flight,2016-11-08,Ubisoft,Playstation 4,7.3,36,6.8,14.0,11,2016,-0.5,7.05
Eagle Flight,2016-11-08,Ubisoft,Pc,7.4,15,7.7,1.0,11,2016,0.2999999999999998,7.550000000000001
Tom Clancy's HAWX,2009-03-03,Ubisoft,Ios Iphoneipad,8.2,7,7.5,9.0,3,2009,-0.6999999999999993,7.85
Tom Clancy's HAWX,2009-03-03,Ubisoft,Pc,7.0,23,6.7,18.0,3,2009,-0.2999999999999998,6.85
Tom Clancy's HAWX,2009-03-03,Ubisoft,Playstation 3,7.4,35,7.4,10.0,3,2009,0.0,7.4
Tom Clancy's HAWX,2009-03-03,Ubisoft,Xbox 360,7.3,64,7.3,8.0,3,2009,0.0,7.3
Far Cry 6,2021-10-07,Ubisoft,Playstation 4,9.0,3,4.6,95.0,10,2021,-4.4,6.8
Far Cry 6,2021-10-07,Ubisoft,Xbox One,8.0,1,4.0,27.0,10,2021,-4.0,6.0
Far Cry 6,2021-10-07,Ubisoft,Pc,7.4,35,4.0,789.0,10,2021,-3.4000000000000004,5.7
Far Cry 6,2021-10-07,Ubisoft,Playstation 5,7.3,64,5.4,680.0,10,2021,-1.8999999999999995,6.35
Far Cry 6,2021-10-07,Ubisoft,Xbox Series X,7.9,44,5.4,166.0,10,2021,-2.5,6.65
Disney's Donald Duck: Goin' Quackers,2000-12-13,Ubisoft,Nintendo 64,6.5,5,6.5,4.0,12,2000,0.0,6.5
Disney's Donald Duck: Goin' Quackers,2000-12-13,Ubisoft,Playstation,6.5,4,7.5,3.0,12,2000,1.0,7.0
Disney's Donald Duck: Goin' Quackers,2000-12-13,Ubisoft,Playstation 2,7.3,10,7.3,3.0,12,2000,0.0,7.3
Disney's Donald Duck: Goin' Quackers,2000-12-13,Ubisoft,Dreamcast,7.1,8,8.0,1.0,12,2000,0.9000000000000004,7.55
Disney's Donald Duck: Goin' Quackers,2000-12-13,Ubisoft,Gamecube,6.1,7,6.6,2.0,12,2000,0.5,6.35
Tom Clancy's Rainbow Six Siege,2015-12-01,Ubisoft,Xbox One,7.4,25,7.2,143.0,12,2015,-0.20000000000000018,7.300000000000001
Tom Clancy's Rainbow Six Siege,2015-12-01,Ubisoft,Playstation 4,7.3,40,7.0,379.0,12,2015,-0.2999999999999998,7.15
Tom Clancy's Rainbow Six Siege,2015-12-01,Ubisoft,Pc,7.9,39,7.0,583.0,12,2015,-0.9000000000000004,7.45
Tom Clancy's Rainbow Six Siege,2015-12-01,Ubisoft,Playstation 5,8.0,1,6.5,21.0,12,2015,-1.5,7.25
Warlords IV: Heroes of Etheria,2003-10-21,Ubisoft,Pc,7.3,15,8.4,1.0,10,2003,1.1000000000000005,7.85
Brothers In Arms DS,2007-06-21,Ubisoft,Ds,7.2,27,4.9,1.0,6,2007,-2.3,6.050000000000001
Assassin's Creed Valhalla: The Siege of Paris,2021-08-12,Ubisoft,Playstation 5,7.2,20,6.0,15.0,8,2021,-1.2000000000000002,6.6
Assassin's Creed Valhalla: The Siege of Paris,2021-08-12,Ubisoft,Xbox Series X,6.9,7,6.3,3.0,8,2021,-0.6000000000000005,6.6
Assassin's Creed Valhalla: The Siege of Paris,2021-08-12,Ubisoft,Pc,6.9,19,6.7,14.0,8,2021,-0.20000000000000018,6.800000000000001
Assassin's Creed Valhalla: The Siege of Paris,2021-08-12,Ubisoft,Playstation 4,9.0,3,5.7,6.0,8,2021,-3.3,7.35
Assassin's Creed Valhalla: The Siege of Paris,2021-08-12,Ubisoft,Xbox One,8.5,1,6.6,9.0,8,2021,-1.9000000000000004,7.55
Anno 2205,2015-11-02,Ubisoft,Pc,7.2,45,6.1,87.0,11,2015,-1.1000000000000005,6.65
Just Dance 2022,2021-11-04,Ubisoft,Playstation 4,8.6,1,7.6,3.0,11,2021,-1.0,8.1
Just Dance 2022,2021-11-04,Ubisoft,Nintendo Switch,7.2,15,6.2,12.0,11,2021,-1.0,6.7
Just Dance 2022,2021-11-04,Ubisoft,Xbox Series X,8.3,4,8.3,3.0,11,2021,0.0,8.3
Just Dance 2022,2021-11-04,Ubisoft,Playstation 5,8.8,3,1.5,16.0,11,2021,-7.300000000000001,5.15
Tom Clancy's Rainbow Six 3: Athena Sword,2004-03-09,Ubisoft,Pc,7.2,16,5.0,1.0,3,2004,-2.2,6.1
Just Dance 2024 Edition,2023-10-24,Ubisoft,Nintendo Switch,7.2,11,5.7,11.0,10,2023,-1.5,6.45
Just Dance 2024 Edition,2023-10-24,Ubisoft,Xbox Series X,8.0,1,0.0,1.0,10,2023,-8.0,4.0
Just Dance 2024 Edition,2023-10-24,Ubisoft,Playstation 5,6.8,8,3.0,4.0,10,2023,-3.8,4.9
Assassin's Creed Rogue,2014-11-11,Ubisoft,Playstation 3,7.2,53,7.2,94.0,11,2014,0.0,7.2
Assassin's Creed Rogue,2014-11-11,Ubisoft,Xbox 360,7.2,32,7.3,82.0,11,2014,0.09999999999999964,7.25
Assassin's Creed Rogue,2014-11-11,Ubisoft,Pc,7.4,25,7.1,157.0,11,2014,-0.3000000000000007,7.25
Assassin's Creed III Remastered,2019-03-29,Ubisoft,Playstation 4,7.2,32,5.6,71.0,3,2019,-1.6000000000000005,6.4
Assassin's Creed III Remastered,2019-03-29,Ubisoft,Xbox One,7.7,9,4.8,20.0,3,2019,-2.9000000000000004,6.25
Assassin's Creed III Remastered,2019-03-29,Ubisoft,Pc,7.5,6,5.1,37.0,3,2019,-2.4000000000000004,6.3
Assassin's Creed III Remastered,2019-03-29,Ubisoft,Nintendo Switch,6.0,15,6.7,35.0,3,2019,0.7000000000000002,6.35
Blazing Angels 2: Secret Missions of WWII,2007-09-18,Ubisoft,Xbox 360,7.2,24,6.8,9.0,9,2007,-0.40000000000000036,7.0
Blazing Angels 2: Secret Missions of WWII,2007-09-18,Ubisoft,Pc,7.2,9,5.1,1.0,9,2007,-2.1000000000000005,6.15
Blazing Angels 2: Secret Missions of WWII,2007-09-18,Ubisoft,Playstation 3,7.0,10,5.6,1.0,9,2007,-1.4000000000000004,6.3
Avatar: Frontiers of Pandora,2023-12-07,Ubisoft,Pc,7.2,86,7.1,323.0,12,2023,-0.10000000000000053,7.15
Avatar: Frontiers of Pandora,2023-12-07,Ubisoft,Xbox Series X,7.5,15,7.6,50.0,12,2023,0.09999999999999964,7.55
Avatar: Frontiers of Pandora,2023-12-07,Ubisoft,Playstation 5,7.2,30,6.8,125.0,12,2023,-0.40000000000000036,7.0
Assassin's Creed: The Ezio Collection,2016-11-15,Ubisoft,Xbox One,7.1,16,7.7,22.0,11,2016,0.6000000000000005,7.4
Assassin's Creed: The Ezio Collection,2016-11-15,Ubisoft,Playstation 4,7.2,33,8.3,85.0,11,2016,1.1000000000000005,7.75
Assassin's Creed: The Ezio Collection,2016-11-15,Ubisoft,Nintendo Switch,7.5,26,7.4,15.0,11,2016,-0.09999999999999964,7.45
World in Conflict: Soviet Assault,2009-03-10,Ubisoft,Pc,7.2,21,8.4,10.0,3,2009,1.2000000000000002,7.800000000000001
Assassin's Creed Unity,2014-11-11,Ubisoft,Playstation 4,7.0,40,5.8,757.0,11,2014,-1.2000000000000002,6.4
Assassin's Creed Unity,2014-11-11,Ubisoft,Xbox One,7.2,59,5.8,326.0,11,2014,-1.4000000000000004,6.5
Assassin's Creed Unity,2014-11-11,Ubisoft,Pc,7.0,10,6.0,625.0,11,2014,-1.0,6.5
Dark Messiah of Might and Magic,2006-10-24,Ubisoft,Pc,7.2,44,8.5,89.0,10,2006,1.2999999999999998,7.85
Dark Messiah of Might and Magic,2006-10-24,Ubisoft,Xbox 360,5.2,27,5.9,10.0,10,2006,0.7000000000000002,5.550000000000001
Just Dance 2025 Edition,2024-10-15,Ubisoft,Nintendo Switch,7.2,14,7.0,8.0,10,2024,-0.20000000000000018,7.1
Immortals Fenyx Rising: The Lost Gods,2021-04-22,Ubisoft,Playstation 5,7.8,2,4.3,5.0,4,2021,-3.5,6.05
Immortals Fenyx Rising: The Lost Gods,2021-04-22,Ubisoft,Pc,7.2,7,3.3,13.0,4,2021,-3.9000000000000004,5.25
Immortals Fenyx Rising: The Lost Gods,2021-04-22,Ubisoft,Xbox One,8.0,1,0.0,2.0,4,2021,-8.0,4.0
Immortals Fenyx Rising: A New God,2021-01-28,Ubisoft,Xbox Series X,7.0,7,2.2,2.0,1,2021,-4.8,4.6
Immortals Fenyx Rising: A New God,2021-01-28,Ubisoft,Playstation 5,7.1,5,3.9,3.0,1,2021,-3.1999999999999997,5.5
Immortals Fenyx Rising: A New God,2021-01-28,Ubisoft,Pc,7.2,9,4.1,11.0,1,2021,-3.1000000000000005,5.65
Immortals Fenyx Rising: A New God,2021-01-28,Ubisoft,Nintendo Switch,7.0,1,6.0,1.0,1,2021,-1.0,6.5
Shaun White Snowboarding: World Stage,2009-11-08,Ubisoft,Wii,7.2,33,5.9,1.0,11,2009,-1.2999999999999998,6.550000000000001
Just Dance 2019,2018-10-23,Ubisoft,Playstation 4,7.7,5,5.8,5.0,10,2018,-1.9000000000000004,6.75
Just Dance 2019,2018-10-23,Ubisoft,Xbox One,7.7,8,5.9,4.0,10,2018,-1.7999999999999998,6.800000000000001
Just Dance 2019,2018-10-23,Ubisoft,Nintendo Switch,7.2,13,6.3,10.0,10,2018,-0.9000000000000004,6.75
Just Dance 2017,2017-03-03,Ubisoft,Xbox One,7.3,7,6.6,2.0,3,2017,-0.7000000000000002,6.949999999999999
Just Dance 2017,2017-03-03,Ubisoft,Wii U,8.0,3,6.3,3.0,3,2017,-1.7000000000000002,7.15
Just Dance 2017,2017-03-03,Ubisoft,Playstation 4,7.3,12,6.9,1.0,3,2017,-0.39999999999999947,7.1
Just Dance 2017,2017-03-03,Ubisoft,Nintendo Switch,7.2,19,5.4,10.0,3,2017,-1.7999999999999998,6.300000000000001
Assassin's Creed Syndicate: Jack the Ripper,2015-12-15,Ubisoft,Playstation 4,7.2,11,6.9,11.0,12,2015,-0.2999999999999998,7.050000000000001
Assassin's Creed Syndicate: Jack the Ripper,2015-12-15,Ubisoft,Xbox One,7.7,6,7.3,10.0,12,2015,-0.40000000000000036,7.5
Far Cry 5: Hours of Darkness,2018-06-05,Ubisoft,Playstation 4,5.5,6,4.2,12.0,6,2018,-1.2999999999999998,4.85
Far Cry 5: Hours of Darkness,2018-06-05,Ubisoft,Pc,7.2,8,4.5,5.0,6,2018,-2.7,5.85
Far Cry 5: Hours of Darkness,2018-06-05,Ubisoft,Xbox One,5.5,1,5.8,5.0,6,2018,0.2999999999999998,5.65
Uru: The Path of the Shell,2004-07-07,Ubisoft,Pc,7.2,9,6.1,9.0,7,2004,-1.1000000000000005,6.65
Just Dance 2018,2017-10-24,Ubisoft,Playstation 4,7.5,12,6.0,8.0,10,2017,-1.5,6.75
Just Dance 2018,2017-10-24,Ubisoft,Xbox One,8.0,3,4.1,4.0,10,2017,-3.9000000000000004,6.05
Just Dance 2018,2017-10-24,Ubisoft,Nintendo Switch,7.1,15,5.8,14.0,10,2017,-1.2999999999999998,6.449999999999999
Just Dance 2018,2017-10-24,Ubisoft,Wii U,8.0,1,4.5,4.0,10,2017,-3.5,6.25
Assassin's Creed IV: Black Flag - Freedom Cry,2013-12-18,Ubisoft,Xbox One,7.6,8,7.0,17.0,12,2013,-0.5999999999999996,7.3
Assassin's Creed IV: Black Flag - Freedom Cry,2013-12-18,Ubisoft,Xbox 360,7.3,6,6.6,3.0,12,2013,-0.7000000000000002,6.949999999999999
Assassin's Creed IV: Black Flag - Freedom Cry,2013-12-18,Ubisoft,Playstation 3,10.0,2,7.2,4.0,12,2013,-2.8,8.6
Assassin's Creed IV: Black Flag - Freedom Cry,2013-12-18,Ubisoft,Playstation 4,7.1,11,6.3,53.0,12,2013,-0.7999999999999998,6.699999999999999
Assassin's Creed IV: Black Flag - Freedom Cry,2013-12-18,Ubisoft,Pc,8.0,3,6.5,22.0,12,2013,-1.5,7.25
OddBallers,2023-01-26,Ubisoft,Nintendo Switch,7.1,7,6.8,4.0,1,2023,-0.2999999999999998,6.949999999999999
OddBallers,2023-01-26,Ubisoft,Playstation 4,7.2,5,7.0,1.0,1,2023,-0.20000000000000018,7.1
Steep,2016-11-29,Ubisoft,Playstation 4,7.1,65,6.5,83.0,11,2016,-0.5999999999999996,6.8
Steep,2016-11-29,Ubisoft,Xbox One,7.2,18,6.6,18.0,11,2016,-0.6000000000000005,6.9
Steep,2016-11-29,Ubisoft,Pc,7.2,16,6.7,58.0,11,2016,-0.5,6.95
Far Cry New Dawn,2019-02-15,Ubisoft,Playstation 4,7.1,77,4.7,209.0,2,2019,-2.3999999999999995,5.9
Far Cry New Dawn,2019-02-15,Ubisoft,Pc,7.3,25,4.1,264.0,2,2019,-3.2,5.699999999999999
Far Cry New Dawn,2019-02-15,Ubisoft,Xbox One,7.5,26,4.4,51.0,2,2019,-3.0999999999999996,5.95
Zeit Squared,2011-01-12,Ubisoft,Xbox 360,7.1,20,5.8,2.0,1,2011,-1.2999999999999998,6.449999999999999
Zeit Squared,2011-01-12,Ubisoft,Pc,7.2,5,4.5,1.0,1,2011,-2.7,5.85
Might & Magic X: Legacy,2014-01-23,Ubisoft,Pc,7.1,44,7.3,103.0,1,2014,0.20000000000000018,7.199999999999999
Transference,2018-09-18,Ubisoft,Pc,7.8,15,6.7,6.0,9,2018,-1.0999999999999996,7.25
Transference,2018-09-18,Ubisoft,Playstation 4,7.1,42,6.1,5.0,9,2018,-1.0,6.6
Transference,2018-09-18,Ubisoft,Xbox One,6.7,11,5.3,2.0,9,2018,-1.4000000000000004,6.0
Uno (2016),2016-08-16,Ubisoft,Playstation 4,7.1,11,6.4,12.0,8,2016,-0.6999999999999993,6.75
Uno (2016),2016-08-16,Ubisoft,Xbox One,5.7,8,6.4,6.0,8,2016,0.7000000000000002,6.050000000000001
Uno (2016),2016-08-16,Ubisoft,Nintendo Switch,6.9,7,5.9,11.0,8,2016,-1.0,6.4
Cold Fear,2005-03-15,Ubisoft,Pc,6.6,13,7.5,13.0,3,2005,0.9000000000000004,7.05
Cold Fear,2005-03-15,Ubisoft,Xbox,7.1,41,8.6,4.0,3,2005,1.5,7.85
Cold Fear,2005-03-15,Ubisoft,Playstation 2,6.8,39,7.8,7.0,3,2005,1.0,7.3
Grandia II,2002-01-28,Ubisoft,Dreamcast,9.0,17,8.4,9.0,1,2002,-0.5999999999999996,8.7
Grandia II,2002-01-28,Ubisoft,Playstation 2,7.1,19,8.3,8.0,1,2002,1.200000000000001,7.7
Grandia II,2002-01-28,Ubisoft,Pc,7.0,12,8.4,3.0,1,2002,1.4000000000000004,7.7
Assassin's Creed Valhalla: Dawn of Ragnarok,2022-03-10,Ubisoft,Playstation 5,7.1,33,5.7,51.0,3,2022,-1.3999999999999995,6.4
Assassin's Creed Valhalla: Dawn of Ragnarok,2022-03-10,Ubisoft,Pc,7.6,13,7.0,19.0,3,2022,-0.5999999999999996,7.3
Assassin's Creed Valhalla: Dawn of Ragnarok,2022-03-10,Ubisoft,Xbox Series X,7.4,11,8.0,3.0,3,2022,0.5999999999999996,7.7
Assassin's Creed Valhalla: Dawn of Ragnarok,2022-03-10,Ubisoft,Xbox One,7.0,1,7.6,2.0,3,2022,0.5999999999999996,7.3
Assassin's Creed Valhalla: Dawn of Ragnarok,2022-03-10,Ubisoft,Playstation 4,6.5,1,7.5,5.0,3,2022,1.0,7.0
Tom Clancy's Ghost Recon: Jungle Storm,2004-03-16,Ubisoft,Playstation 2,7.0,31,5.0,2.0,3,2004,-2.0,6.0
Assassin's Creed III: Liberation,2012-10-30,Ubisoft,Playstation Vita,7.0,71,6.6,98.0,10,2012,-0.40000000000000036,6.8
Just Dance 2021,2020-11-12,Ubisoft,Nintendo Switch,7.0,14,5.8,11.0,11,2020,-1.2000000000000002,6.4
Just Dance 2021,2020-11-12,Ubisoft,Xbox Series X,7.0,1,8.0,1.0,11,2020,1.0,7.5
Just Dance 2021,2020-11-12,Ubisoft,Xbox One,8.1,3,6.8,2.0,11,2020,-1.2999999999999998,7.449999999999999
Just Dance 2021,2020-11-12,Ubisoft,Playstation 4,7.5,1,5.5,4.0,11,2020,-2.0,6.5
Just Dance 3,2011-10-07,Ubisoft,Wii,7.4,15,8.0,7.0,10,2011,0.5999999999999996,7.7
Just Dance 3,2011-10-07,Ubisoft,Xbox 360,7.0,34,7.8,8.0,10,2011,0.7999999999999998,7.4
Just Dance 3,2011-10-07,Ubisoft,Playstation 3,7.5,5,5.4,4.0,10,2011,-2.0999999999999996,6.45
Just Dance 2015,2014-10-21,Ubisoft,Xbox One,7.0,17,7.4,3.0,10,2014,0.40000000000000036,7.2
Just Dance 2015,2014-10-21,Ubisoft,Playstation 4,7.2,8,6.0,13.0,10,2014,-1.2000000000000002,6.6
Just Dance 2015,2014-10-21,Ubisoft,Wii U,7.5,6,6.7,6.0,10,2014,-0.7999999999999998,7.1
Just Dance 2015,2014-10-21,Ubisoft,Wii,7.0,1,8.2,2.0,10,2014,1.1999999999999993,7.6
Steep: Road to the Olympics,2017-12-05,Ubisoft,Playstation 4,7.0,21,6.8,4.0,12,2017,-0.20000000000000018,6.9
Steep: Road to the Olympics,2017-12-05,Ubisoft,Pc,8.0,1,10.0,1.0,12,2017,2.0,9.0
Tom Clancy's Ghost Recon: Wildlands,2017-03-07,Ubisoft,Playstation 4,7.0,66,6.6,279.0,3,2017,-0.40000000000000036,6.8
Tom Clancy's Ghost Recon: Wildlands,2017-03-07,Ubisoft,Xbox One,7.6,28,6.8,84.0,3,2017,-0.7999999999999998,7.199999999999999
Tom Clancy's Ghost Recon: Wildlands,2017-03-07,Ubisoft,Pc,6.9,33,6.4,192.0,3,2017,-0.5,6.65
Tenchu: Shadow Assassins,2009-02-05,Ubisoft,Wii,7.0,35,6.0,9.0,2,2009,-1.0,6.5
Tenchu: Shadow Assassins,2009-02-05,Ubisoft,Psp,6.8,18,6.7,4.0,2,2009,-0.09999999999999964,6.75
Prince of Persia Rival Swords,2007-04-03,Ubisoft,Psp,7.4,16,7.5,5.0,4,2007,0.09999999999999964,7.45
Prince of Persia Rival Swords,2007-04-03,Ubisoft,Wii,7.0,30,6.3,2.0,4,2007,-0.7000000000000002,6.65
Tom Clancy's Ghost Recon Phantoms,2012-08-15,Ubisoft,Pc,7.0,24,6.5,121.0,8,2012,-0.5,6.75
Heroes of Might and Magic V: Tribes of the East,2007-10-16,Ubisoft,Pc,7.0,8,8.6,14.0,10,2007,1.5999999999999996,7.8
Grow Up,2016-08-16,Ubisoft,Playstation 4,7.0,36,6.7,18.0,8,2016,-0.2999999999999998,6.85
Grow Up,2016-08-16,Ubisoft,Xbox One,7.4,8,6.9,6.0,8,2016,-0.5,7.15
Grow Up,2016-08-16,Ubisoft,Pc,7.1,10,7.4,3.0,8,2016,0.3000000000000007,7.25
Deep Fighter,2000-08-22,Ubisoft,Dreamcast,6.9,17,7.0,1.0,8,2000,0.09999999999999964,6.95
Enchanted Arms,2006-08-29,Ubisoft,Xbox 360,6.9,54,7.0,13.0,8,2006,0.09999999999999964,6.95
Enchanted Arms,2006-08-29,Ubisoft,Playstation 3,6.4,23,6.9,4.0,8,2006,0.5,6.65
Assassin's Creed II: Discovery,2009-11-17,Ubisoft,Ds,6.9,20,6.4,6.0,11,2009,-0.5,6.65
Roller Champions,2022-05-25,Ubisoft,Playstation 4,7.7,3,4.7,13.0,5,2022,-3.0,6.2
Roller Champions,2022-05-25,Ubisoft,Xbox One,6.1,4,4.0,2.0,5,2022,-2.0999999999999996,5.05
Roller Champions,2022-05-25,Ubisoft,Pc,6.9,14,3.6,34.0,5,2022,-3.3000000000000003,5.25
Roller Champions,2022-05-25,Ubisoft,Nintendo Switch,4.0,1,8.0,1.0,5,2022,4.0,6.0
Tom Clancy's The Division - Underground,2016-06-28,Ubisoft,Pc,8.5,2,6.2,5.0,6,2016,-2.3,7.35
Tom Clancy's The Division - Underground,2016-06-28,Ubisoft,Playstation 4,6.4,7,5.7,2.0,6,2016,-0.7000000000000002,6.050000000000001
Tom Clancy's The Division - Underground,2016-06-28,Ubisoft,Xbox One,6.9,9,7.1,1.0,6,2016,0.1999999999999993,7.0
I Am Alive,2012-03-07,Ubisoft,Playstation 3,7.5,15,6.4,40.0,3,2012,-1.0999999999999996,6.95
I Am Alive,2012-03-07,Ubisoft,Xbox 360,6.9,68,6.4,59.0,3,2012,-0.5,6.65
I Am Alive,2012-03-07,Ubisoft,Pc,6.6,10,6.0,80.0,3,2012,-0.5999999999999996,6.3
Assassin's Creed Chronicles: China,2015-04-21,Ubisoft,Playstation 4,6.9,45,5.9,20.0,4,2015,-1.0,6.4
Assassin's Creed Chronicles: China,2015-04-21,Ubisoft,Xbox One,6.7,31,5.7,23.0,4,2015,-1.0,6.2
Assassin's Creed Chronicles: China,2015-04-21,Ubisoft,Pc,6.7,15,5.3,37.0,4,2015,-1.4000000000000004,6.0
Hyper Scape,2020-08-11,Ubisoft,Pc,6.8,13,4.3,31.0,8,2020,-2.5,5.55
Hyper Scape,2020-08-11,Ubisoft,Playstation 4,6.2,8,5.1,35.0,8,2020,-1.1000000000000005,5.65
Hyper Scape,2020-08-11,Ubisoft,Xbox One,6.0,4,5.3,12.0,8,2020,-0.7000000000000002,5.65
Cloudberry Kingdom,2013-07-31,Ubisoft,Wii U,7.5,8,7.4,3.0,7,2013,-0.09999999999999964,7.45
Cloudberry Kingdom,2013-07-31,Ubisoft,Pc,6.7,6,7.4,5.0,7,2013,0.7000000000000002,7.050000000000001
Cloudberry Kingdom,2013-07-31,Ubisoft,Playstation 3,7.5,18,6.2,5.0,7,2013,-1.2999999999999998,6.85
Cloudberry Kingdom,2013-07-31,Ubisoft,Xbox 360,6.8,20,7.0,5.0,7,2013,0.20000000000000018,6.9
Sherlock Holmes: The Silver Earring,2004-09-28,Ubisoft,Pc,6.8,29,6.5,7.0,9,2004,-0.2999999999999998,6.65
Far Cry 6 - Pagan: Control,2022-01-11,Ubisoft,Pc,6.8,8,4.8,5.0,1,2022,-2.0,5.8
Far Cry 6 - Pagan: Control,2022-01-11,Ubisoft,Xbox Series X,8.3,1,3.5,2.0,1,2022,-4.800000000000001,5.9
Far Cry 6 - Pagan: Control,2022-01-11,Ubisoft,Playstation 5,7.0,1,3.3,2.0,1,2022,-3.7,5.15
Tom Clancy's HAWX 2,2010-09-07,Ubisoft,Xbox 360,6.8,57,6.5,14.0,9,2010,-0.2999999999999998,6.65
Tom Clancy's HAWX 2,2010-09-07,Ubisoft,Playstation 3,7.0,30,6.7,5.0,9,2010,-0.2999999999999998,6.85
Tom Clancy's HAWX 2,2010-09-07,Ubisoft,Wii,4.7,11,8.5,1.0,9,2010,3.8,6.6
Tom Clancy's HAWX 2,2010-09-07,Ubisoft,Pc,6.6,12,4.0,21.0,9,2010,-2.5999999999999996,5.3
Batman: Vengeance,2001-10-23,Ubisoft,Playstation 2,6.8,19,6.9,4.0,10,2001,0.10000000000000053,6.85
Batman: Vengeance,2001-10-23,Ubisoft,Game Boy Advance,6.8,8,8.4,1.0,10,2001,1.6000000000000005,7.6
Batman: Vengeance,2001-10-23,Ubisoft,Gamecube,7.0,17,7.1,6.0,10,2001,0.09999999999999964,7.05
Batman: Vengeance,2001-10-23,Ubisoft,Xbox,7.0,14,7.2,2.0,10,2001,0.20000000000000018,7.1
Batman: Vengeance,2001-10-23,Ubisoft,Pc,5.7,13,6.8,3.0,10,2001,1.0999999999999996,6.25
Lost Magic,2006-04-25,Ubisoft,Ds,6.8,44,6.9,8.0,4,2006,0.10000000000000053,6.85
Tetris Ultimate,2014-11-11,Ubisoft,Playstation 4,6.3,5,4.1,14.0,11,2014,-2.2,5.199999999999999
Tetris Ultimate,2014-11-11,Ubisoft,Xbox One,5.9,8,4.2,5.0,11,2014,-1.7000000000000002,5.050000000000001
Tetris Ultimate,2014-11-11,Ubisoft,Playstation Vita,9.8,2,6.0,2.0,11,2014,-3.8000000000000007,7.9
Tetris Ultimate,2014-11-11,Ubisoft,3Ds,6.8,12,5.0,8.0,11,2014,-1.7999999999999998,5.9
Shoot Many Robots,2012-03-14,Ubisoft,Pc,7.7,3,6.2,9.0,3,2012,-1.5,6.95
Shoot Many Robots,2012-03-14,Ubisoft,Xbox 360,6.7,37,6.8,10.0,3,2012,0.09999999999999964,6.75
CSI: Crime Scene Investigation: 3 Dimensions of Murder,2006-03-14,Ubisoft,Playstation 2,7.0,3,6.0,2.0,3,2006,-1.0,6.5
CSI: Crime Scene Investigation: 3 Dimensions of Murder,2006-03-14,Ubisoft,Pc,6.7,16,6.1,9.0,3,2006,-0.6000000000000005,6.4
Tom Clancy's Splinter Cell Classic Trilogy HD,2011-09-27,Ubisoft,Playstation 3,6.7,21,7.1,9.0,9,2011,0.39999999999999947,6.9
Rayman Raving Rabbids 2,2007-11-15,Ubisoft,Wii,6.7,25,6.9,14.0,11,2007,0.20000000000000018,6.800000000000001
Rayman Raving Rabbids 2,2007-11-15,Ubisoft,Ds,5.7,8,4.3,3.0,11,2007,-1.4000000000000004,5.0
Assassin's Creed Odyssey: Story Arc 1 - Legacy of the First Blade,2018-12-04,Ubisoft,Playstation 4,6.7,7,5.7,10.0,12,2018,-1.0,6.2
Assassin's Creed Odyssey: Story Arc 1 - Legacy of the First Blade,2018-12-04,Ubisoft,Xbox One,7.0,3,6.2,5.0,12,2018,-0.7999999999999998,6.6
Assassin's Creed Odyssey: Story Arc 1 - Legacy of the First Blade,2018-12-04,Ubisoft,Pc,7.0,3,6.9,2.0,12,2018,-0.09999999999999964,6.95
Assassin's Creed II: Bonfire of the Vanities,2010-02-18,Ubisoft,Playstation 3,6.7,5,5.2,6.0,2,2010,-1.5,5.95
Assassin's Creed II: Bonfire of the Vanities,2010-02-18,Ubisoft,Xbox 360,6.7,12,6.4,3.0,2,2010,-0.2999999999999998,6.550000000000001
Assassin's Creed III - The Betrayal,2013-03-19,Ubisoft,Xbox 360,6.7,12,4.8,6.0,3,2013,-1.9000000000000004,5.75
Assassin's Creed III - The Betrayal,2013-03-19,Ubisoft,Playstation 3,6.5,4,5.2,4.0,3,2013,-1.2999999999999998,5.85
Assassin's Creed III - The Betrayal,2013-03-19,Ubisoft,Pc,7.0,3,5.9,9.0,3,2013,-1.0999999999999996,6.45
Might & Magic: Heroes VII,2015-09-29,Ubisoft,Pc,6.7,39,4.9,150.0,9,2015,-1.7999999999999998,5.800000000000001
Champions of Anteria,2016-08-30,Ubisoft,Pc,6.7,20,6.6,5.0,8,2016,-0.10000000000000053,6.65
XDefiant,2024-05-21,Ubisoft,Playstation 5,6.9,7,5.3,81.0,5,2024,-1.6000000000000005,6.1
XDefiant,2024-05-21,Ubisoft,Pc,6.7,17,4.7,158.0,5,2024,-2.0,5.7
XDefiant,2024-05-21,Ubisoft,Xbox Series X,7.2,9,6.2,20.0,5,2024,-1.0,6.7
Tom Clancy's Rainbow Six Rogue Spear: Black Thorn,2001-10-31,Ubisoft,Pc,6.7,9,5.0,9.0,10,2001,-1.7000000000000002,5.85
Prince of Persia: Epilogue,2009-03-05,Ubisoft,Playstation 3,6.8,5,5.1,9.0,3,2009,-1.7000000000000002,5.949999999999999
Teenage Mutant Ninja Turtles: Smash-Up,2009-09-22,Ubisoft,Wii,6.7,34,7.5,10.0,9,2009,0.7999999999999998,7.1
Teenage Mutant Ninja Turtles: Smash-Up,2009-09-22,Ubisoft,Playstation 2,7.2,1,7.4,2.0,9,2009,0.20000000000000018,7.300000000000001
Faces of War,2006-09-12,Ubisoft,Pc,6.7,21,8.4,2.0,9,2006,1.7000000000000002,7.550000000000001
Heroes of Might and Magic V: Hammers of Fate,2006-11-14,Ubisoft,Pc,6.6,10,8.4,8.0,11,2006,1.8000000000000007,7.5
Blazing Angels: Squadrons of WWII,2006-03-23,Ubisoft,Xbox 360,6.6,58,7.1,2.0,3,2006,0.5,6.85
Blazing Angels: Squadrons of WWII,2006-03-23,Ubisoft,Pc,6.5,16,3.3,2.0,3,2006,-3.2,4.9
Blazing Angels: Squadrons of WWII,2006-03-23,Ubisoft,Wii,5.7,11,6.7,1.0,3,2006,1.0,6.2
Blazing Angels: Squadrons of WWII,2006-03-23,Ubisoft,Playstation 3,6.7,26,6.4,3.0,3,2006,-0.2999999999999998,6.550000000000001
The Settlers: Rise of an Empire,2007-09-25,Ubisoft,Pc,6.6,19,7.3,6.0,9,2007,0.7000000000000002,6.949999999999999
Teenage Mutant Ninja Turtles: The Arcade Game,2007-03-14,Ubisoft,Xbox 360,6.6,17,7.0,4.0,3,2007,0.40000000000000036,6.8
Might & Magic: Heroes VI - Shades of Darkness,2013-05-02,Ubisoft,Pc,6.6,15,5.4,29.0,5,2013,-1.1999999999999993,6.0
The Black Eyed Peas Experience,2011-11-08,Ubisoft,Xbox 360,6.6,17,6.6,4.0,11,2011,0.0,6.6
Lara Croft - Tomb Raider: The Prophecy,2002-11-12,Ubisoft,Game Boy Advance,6.6,20,7.4,2.0,11,2002,0.8000000000000007,7.0
Immortals Fenyx Rising: Myths of the Eastern Realm,2021-03-25,Ubisoft,Nintendo Switch,7.0,1,9.0,1.0,3,2021,2.0,8.0
Immortals Fenyx Rising: Myths of the Eastern Realm,2021-03-25,Ubisoft,Playstation 5,7.0,3,6.0,3.0,3,2021,-1.0,6.5
Immortals Fenyx Rising: Myths of the Eastern Realm,2021-03-25,Ubisoft,Pc,6.5,14,5.6,6.0,3,2021,-0.9000000000000004,6.05
Stupid Invaders,2001-02-21,Ubisoft,Pc,6.5,23,7.6,1.0,2,2001,1.0999999999999996,7.05
Stupid Invaders,2001-02-21,Ubisoft,Dreamcast,6.4,6,6.2,9.0,2,2001,-0.20000000000000018,6.300000000000001
CSI: Crime Scene Investigation: Dark Motives,2004-03-23,Ubisoft,Pc,6.5,28,7.6,9.0,3,2004,1.0999999999999996,7.05
Rocky: Legends,2004-09-28,Ubisoft,Playstation 2,6.5,24,8.0,9.0,9,2004,1.5,7.25
Heroes of Might & Magic III - HD Edition,2015-01-29,Ubisoft,Pc,6.5,30,5.4,42.0,1,2015,-1.0999999999999996,5.95
Heroes of Might & Magic III - HD Edition,2015-01-29,Ubisoft,Ios Iphoneipad,7.3,5,6.7,10.0,1,2015,-0.5999999999999996,7.0
Atomega,2017-09-19,Ubisoft,Pc,6.5,15,7.0,1.0,9,2017,0.5,6.75
Might & Magic: Chess Royale,2020-01-30,Ubisoft,Ios Iphoneipad,8.0,1,2.2,3.0,1,2020,-5.8,5.1
Might & Magic: Chess Royale,2020-01-30,Ubisoft,Pc,6.5,9,3.3,18.0,1,2020,-3.2,4.9
Brothers in Arms: D-Day,2006-12-05,Ubisoft,Psp,6.5,19,3.1,2.0,12,2006,-3.4,4.8
Battleship (2016),2016-08-02,Ubisoft,Xbox One,6.5,11,6.6,2.0,8,2016,0.09999999999999964,6.55
Battleship (2016),2016-08-02,Ubisoft,Playstation 4,7.0,2,6.3,1.0,8,2016,-0.7000000000000002,6.65
Battles of Prince of Persia,2005-12-06,Ubisoft,Ds,6.4,16,6.3,2.0,12,2005,-0.10000000000000053,6.35
The Crew 2,2018-06-26,Ubisoft,Playstation 4,6.4,57,5.8,166.0,6,2018,-0.6000000000000005,6.1
The Crew 2,2018-06-26,Ubisoft,Xbox One,6.9,37,5.6,30.0,6,2018,-1.3000000000000007,6.25
The Crew 2,2018-06-26,Ubisoft,Pc,6.6,22,4.9,112.0,6,2018,-1.6999999999999993,5.75
Prince of Persia: The Fallen King,2008-12-02,Ubisoft,Ds,6.4,24,5.2,5.0,12,2008,-1.2000000000000002,5.800000000000001
Assassin's Creed Unity: Dead Kings,2015-01-13,Ubisoft,Playstation 4,6.8,9,6.5,16.0,1,2015,-0.2999999999999998,6.65
Assassin's Creed Unity: Dead Kings,2015-01-13,Ubisoft,Xbox One,6.4,13,5.9,11.0,1,2015,-0.5,6.15
The Mighty Quest for Epic Loot,2013-11-18,Ubisoft,Pc,6.4,9,5.6,39.0,11,2013,-0.8000000000000007,6.0
The Mighty Quest for Epic Loot,2013-11-18,Ubisoft,Ios Iphoneipad,7.1,4,8.3,1.0,11,2013,1.200000000000001,7.7
Wheelman,2009-03-24,Ubisoft,Playstation 3,6.6,37,7.0,7.0,3,2009,0.40000000000000036,6.8
Wheelman,2009-03-24,Ubisoft,Xbox 360,6.4,63,6.6,6.0,3,2009,0.1999999999999993,6.5
Wheelman,2009-03-24,Ubisoft,Pc,5.8,25,6.6,7.0,3,2009,0.7999999999999998,6.199999999999999
Mad Riders,2012-05-30,Ubisoft,Xbox 360,6.4,31,7.1,9.0,5,2012,0.6999999999999993,6.75
Mad Riders,2012-05-30,Ubisoft,Playstation 3,7.1,11,5.3,4.0,5,2012,-1.7999999999999998,6.199999999999999
Mad Riders,2012-05-30,Ubisoft,Pc,6.7,2,7.2,5.0,5,2012,0.5,6.95
Armored Core: For Answer,2008-09-16,Ubisoft,Xbox 360,6.4,22,7.6,5.0,9,2008,1.1999999999999993,7.0
Armored Core: For Answer,2008-09-16,Ubisoft,Playstation 3,6.2,22,7.3,10.0,9,2008,1.0999999999999996,6.75
Academy of Champions: Soccer,2009-11-03,Ubisoft,Wii,6.4,20,6.8,1.0,11,2009,0.39999999999999947,6.6
Pro Rally,2002-11-11,Ubisoft,Gamecube,6.4,11,8.3,9.0,11,2002,1.9000000000000004,7.3500000000000005
Cranium Kabookii,2007-12-04,Ubisoft,Wii,6.4,9,7.0,1.0,12,2007,0.5999999999999996,6.7
The Adventures of Tintin: The Game,2011-12-06,Ubisoft,Pc,7.0,3,7.5,6.0,12,2011,0.5,7.25
The Adventures of Tintin: The Game,2011-12-06,Ubisoft,Playstation 3,5.9,27,6.8,8.0,12,2011,0.8999999999999995,6.35
The Adventures of Tintin: The Game,2011-12-06,Ubisoft,Xbox 360,6.3,35,7.2,3.0,12,2011,0.9000000000000004,6.75
The Adventures of Tintin: The Game,2011-12-06,Ubisoft,Wii,5.5,3,6.0,2.0,12,2011,0.5,5.75
The Adventures of Tintin: The Game,2011-12-06,Ubisoft,3Ds,5.6,8,5.6,1.0,12,2011,0.0,5.6
Assassin's Creed Chronicles: India,2016-01-13,Ubisoft,Playstation 4,6.3,41,4.2,12.0,1,2016,-2.0999999999999996,5.25
Assassin's Creed Chronicles: India,2016-01-13,Ubisoft,Xbox One,6.4,20,5.2,10.0,1,2016,-1.2000000000000002,5.800000000000001
Assassin's Creed Chronicles: India,2016-01-13,Ubisoft,Pc,6.3,15,5.3,23.0,1,2016,-1.0,5.8
Assassin's Creed: Bloodlines,2009-11-17,Ubisoft,Psp,6.3,38,6.7,40.0,11,2009,0.40000000000000036,6.5
Assassin's Creed III - The Redemption,2013-04-23,Ubisoft,Xbox 360,6.3,13,5.1,6.0,4,2013,-1.2000000000000002,5.699999999999999
Assassin's Creed III - The Redemption,2013-04-23,Ubisoft,Playstation 3,7.0,6,5.5,5.0,4,2013,-1.5,6.25
Assassin's Creed III - The Redemption,2013-04-23,Ubisoft,Pc,6.8,3,6.5,4.0,4,2013,-0.2999999999999998,6.65
Will Rock,2003-06-09,Ubisoft,Pc,6.3,12,7.3,17.0,6,2003,1.0,6.8
Red Steel,2006-11-19,Ubisoft,Wii,6.3,54,6.3,26.0,11,2006,0.0,6.3
Space Junkies,2019-03-26,Ubisoft,Pc,7.7,7,5.1,9.0,3,2019,-2.6000000000000005,6.4
Space Junkies,2019-03-26,Ubisoft,Playstation 4,6.3,12,4.1,1.0,3,2019,-2.2,5.199999999999999
Rayman Arena,2002-09-24,Ubisoft,Playstation 2,6.3,10,7.7,5.0,9,2002,1.4000000000000004,7.0
Rayman Arena,2002-09-24,Ubisoft,Pc,4.6,4,7.1,3.0,9,2002,2.5,5.85
Rayman Arena,2002-09-24,Ubisoft,Gamecube,6.0,10,7.0,4.0,9,2002,1.0,6.5
Batman: Rise of Sin Tzu (2003),2003-10-27,Ubisoft,Game Boy Advance,6.3,12,6.8,1.0,10,2003,0.5,6.55
Batman: Rise of Sin Tzu,2003-10-16,Ubisoft,Playstation 2,6.3,21,6.8,4.0,10,2003,0.5,6.55
Batman: Rise of Sin Tzu,2003-10-16,Ubisoft,Gamecube,6.3,17,8.3,1.0,10,2003,2.000000000000001,7.300000000000001
Evolution Worlds,2002-12-02,Ubisoft,Gamecube,6.3,20,7.8,2.0,12,2002,1.5,7.05
The Settlers History Collection,2018-11-15,Ubisoft,Pc,6.2,7,6.1,2.0,11,2018,-0.10000000000000053,6.15
Silent Hunter 5: Battle of the Atlantic,2010-03-02,Ubisoft,Pc,6.2,26,5.6,16.0,3,2010,-0.6000000000000005,5.9
Assassin's Creed Odyssey: Story Arc 1 - Legacy of the First Blade: Episode 2,2019-01-15,Ubisoft,Playstation 4,6.2,7,4.3,13.0,1,2019,-1.9000000000000004,5.25
Assassin's Creed Odyssey: Story Arc 1 - Legacy of the First Blade: Episode 2,2019-01-15,Ubisoft,Xbox One,7.0,3,5.8,4.0,1,2019,-1.2000000000000002,6.4
Assassin's Creed Odyssey: Story Arc 1 - Legacy of the First Blade: Episode 2,2019-01-15,Ubisoft,Pc,7.5,3,4.7,4.0,1,2019,-2.8,6.1
Assassin's Creed Liberation HD,2014-01-15,Ubisoft,Playstation 3,6.4,25,6.1,27.0,1,2014,-0.3000000000000007,6.25
Assassin's Creed Liberation HD,2014-01-15,Ubisoft,Xbox 360,6.2,26,5.6,21.0,1,2014,-0.6000000000000005,5.9
Assassin's Creed Liberation HD,2014-01-15,Ubisoft,Pc,6.6,14,5.4,57.0,1,2014,-1.1999999999999993,6.0
Assassin's Creed Chronicles: Russia,2016-02-09,Ubisoft,Playstation 4,6.0,22,4.1,7.0,2,2016,-1.9000000000000004,5.05
Assassin's Creed Chronicles: Russia,2016-02-09,Ubisoft,Xbox One,6.2,24,4.5,11.0,2,2016,-1.7000000000000002,5.35
Assassin's Creed Chronicles: Russia,2016-02-09,Ubisoft,Pc,5.3,11,5.2,18.0,2,2016,-0.09999999999999964,5.25
Toy Soldiers: War Chest,2015-08-11,Ubisoft,Xbox One,6.0,14,7.7,9.0,8,2015,1.7000000000000002,6.85
Toy Soldiers: War Chest,2015-08-11,Ubisoft,Playstation 4,6.2,19,7.1,10.0,8,2015,0.8999999999999995,6.65
Toy Soldiers: War Chest,2015-08-11,Ubisoft,Pc,6.0,5,7.6,1.0,8,2015,1.5999999999999996,6.8
Dragon's Lair 3D: Return to the Lair,2002-11-18,Ubisoft,Gamecube,6.5,20,7.0,1.0,11,2002,0.5,6.75
Dragon's Lair 3D: Return to the Lair,2002-11-18,Ubisoft,Xbox,6.2,27,7.0,1.0,11,2002,0.7999999999999998,6.6
Cloudy With a Chance of Meatballs,2009-09-18,Ubisoft,Wii,6.8,4,7.6,1.0,9,2009,0.7999999999999998,7.199999999999999
Cloudy With a Chance of Meatballs,2009-09-18,Ubisoft,Playstation 3,6.6,9,5.2,3.0,9,2009,-1.3999999999999995,5.9
Cloudy With a Chance of Meatballs,2009-09-18,Ubisoft,Xbox 360,6.2,12,6.7,3.0,9,2009,0.5,6.45
Cloudy With a Chance of Meatballs,2009-09-18,Ubisoft,Pc,7.0,2,7.3,1.0,9,2009,0.2999999999999998,7.15
Heroes Over Europe,2009-09-15,Ubisoft,Pc,6.5,20,6.4,1.0,9,2009,-0.09999999999999964,6.45
Heroes Over Europe,2009-09-15,Ubisoft,Playstation 3,6.2,34,4.1,4.0,9,2009,-2.1000000000000005,5.15
Heroes Over Europe,2009-09-15,Ubisoft,Xbox 360,6.2,39,2.0,1.0,9,2009,-4.2,4.1
Marvel Avengers: Battle for Earth,2012-10-30,Ubisoft,Xbox 360,6.2,11,6.8,3.0,10,2012,0.5999999999999996,6.5
Marvel Avengers: Battle for Earth,2012-10-30,Ubisoft,Wii U,5.0,10,5.5,7.0,10,2012,0.5,5.25
Tork: Prehistoric Punk,2005-01-12,Ubisoft,Xbox,6.2,21,9.0,1.0,1,2005,2.8,7.6
Rayman 2: The Great Escape,2011-03-22,Ubisoft,Playstation 2,9.0,16,8.6,22.0,3,2011,-0.40000000000000036,8.8
Rayman 2: The Great Escape,2011-03-22,Ubisoft,Nintendo 64,9.0,12,8.7,27.0,3,2011,-0.3000000000000007,8.85
Rayman 2: The Great Escape,2011-03-22,Ubisoft,Ios Iphoneipad,5.3,8,7.4,9.0,3,2011,2.1000000000000005,6.35
Rayman 2: The Great Escape,2011-03-22,Ubisoft,3Ds,6.1,39,6.6,26.0,3,2011,0.5,6.35
Rayman 2: The Great Escape,2011-03-22,Ubisoft,Ds,5.8,20,6.6,3.0,3,2011,0.7999999999999998,6.199999999999999
Rayman: Hoodlum's Revenge,2005-03-15,Ubisoft,Game Boy Advance,6.1,12,5.8,3.0,3,2005,-0.2999999999999998,5.949999999999999
Shaun White Skateboarding,2010-10-24,Ubisoft,Playstation 3,6.1,26,6.3,1.0,10,2010,0.20000000000000018,6.199999999999999
Shaun White Skateboarding,2010-10-24,Ubisoft,Xbox 360,6.1,34,5.8,1.0,10,2010,-0.2999999999999998,5.949999999999999
Shaun White Skateboarding,2010-10-24,Ubisoft,Wii,5.9,6,6.0,9.0,10,2010,0.09999999999999964,5.95
Shaun White Skateboarding,2010-10-24,Ubisoft,Pc,7.0,3,7.3,9.0,10,2010,0.2999999999999998,7.15
CSI: Crime Scene Investigation,2003-03-26,Ubisoft,Pc,6.1,19,6.6,1.0,3,2003,0.5,6.35
Star Wars: Lethal Alliance,2006-12-07,Ubisoft,Psp,6.1,31,6.3,2.0,12,2006,0.20000000000000018,6.199999999999999
Disney's Tarzan Untamed,2001-11-17,Ubisoft,Playstation 2,5.9,7,7.4,9.0,11,2001,1.5,6.65
Disney's Tarzan Untamed,2001-11-17,Ubisoft,Gamecube,6.1,11,7.8,1.0,11,2001,1.7000000000000002,6.949999999999999
The Crew,2014-12-02,Ubisoft,Xbox One,6.4,18,5.7,51.0,12,2014,-0.7000000000000002,6.050000000000001
The Crew,2014-12-02,Ubisoft,Playstation 4,6.1,60,5.4,174.0,12,2014,-0.6999999999999993,5.75
The Crew,2014-12-02,Ubisoft,Pc,7.1,12,6.2,132.0,12,2014,-0.8999999999999995,6.65
Surf's Up,2007-05-30,Ubisoft,Gamecube,6.2,1,10.0,1.0,5,2007,3.8,8.1
Surf's Up,2007-05-30,Ubisoft,Playstation 2,6.0,4,7.2,1.0,5,2007,1.2000000000000002,6.6
Surf's Up,2007-05-30,Ubisoft,Playstation 3,5.9,8,3.8,2.0,5,2007,-2.1000000000000005,4.85
Surf's Up,2007-05-30,Ubisoft,Xbox 360,6.1,15,6.3,1.0,5,2007,0.20000000000000018,6.199999999999999
Far Cry 5: Lost on Mars,2018-07-17,Ubisoft,Xbox One,5.5,2,4.6,3.0,7,2018,-0.9000000000000004,5.05
Far Cry 5: Lost on Mars,2018-07-17,Ubisoft,Pc,6.1,13,4.4,6.0,7,2018,-1.6999999999999993,5.25
Far Cry 5: Lost on Mars,2018-07-17,Ubisoft,Playstation 4,5.7,10,5.3,8.0,7,2018,-0.40000000000000036,5.5
PowerUp Heroes,2011-10-18,Ubisoft,Xbox 360,6.1,13,6.8,6.0,10,2011,0.7000000000000002,6.449999999999999
James Cameron's Avatar: The Game,2009-12-01,Ubisoft,Xbox 360,6.1,62,6.2,13.0,12,2009,0.10000000000000053,6.15
James Cameron's Avatar: The Game,2009-12-01,Ubisoft,Playstation 3,6.0,44,6.6,14.0,12,2009,0.5999999999999996,6.3
James Cameron's Avatar: The Game,2009-12-01,Ubisoft,Ds,6.4,3,2.9,4.0,12,2009,-3.5000000000000004,4.65
James Cameron's Avatar: The Game,2009-12-01,Ubisoft,Pc,5.9,16,6.3,10.0,12,2009,0.39999999999999947,6.1
James Cameron's Avatar: The Game,2009-12-01,Ubisoft,Psp,8.7,3,4.7,3.0,12,2009,-3.999999999999999,6.699999999999999
James Cameron's Avatar: The Game,2009-12-01,Ubisoft,Wii,6.0,19,3.3,5.0,12,2009,-2.7,4.65
Voodoo Dice,2010-05-26,Ubisoft,Playstation 3,7.0,1,5.5,1.0,5,2010,-1.5,6.25
Ape Escape: Pumped & Primed,2004-10-20,Ubisoft,Playstation 2,6.1,21,8.8,3.0,10,2004,2.700000000000001,7.45
Shaun White Snowboarding,2008-11-16,Ubisoft,Xbox 360,6.0,48,6.7,9.0,11,2008,0.7000000000000002,6.35
Shaun White Snowboarding,2008-11-16,Ubisoft,Playstation 3,6.3,30,5.6,4.0,11,2008,-0.7000000000000002,5.949999999999999
Shaun White Snowboarding,2008-11-16,Ubisoft,Pc,6.0,8,6.5,1.0,11,2008,0.5,6.25
Shaun White Snowboarding,2008-11-16,Ubisoft,Wii,7.8,28,6.0,9.0,11,2008,-1.7999999999999998,6.9
Star Wars Trilogy: Apprentice of the Force,2004-09-21,Ubisoft,Game Boy Advance,6.0,21,6.3,2.0,9,2004,0.2999999999999998,6.15
James Noir's Hollywood Crimes,2011-11-01,Ubisoft,3Ds,6.0,22,6.6,4.0,11,2011,0.5999999999999996,6.3
"Crouching Tiger, Hidden Dragon (2003)",2003-10-09,Ubisoft,Game Boy Advance,6.0,12,7.0,1.0,10,2003,1.0,6.5
Teenage Mutant Ninja Turtles: Turtles in Time Re-Shelled,2009-08-05,Ubisoft,Xbox 360,6.0,40,6.5,5.0,8,2009,0.5,6.25
Teenage Mutant Ninja Turtles: Turtles in Time Re-Shelled,2009-08-05,Ubisoft,Playstation 3,5.5,4,5.5,2.0,8,2009,0.0,5.5
IL-2 Sturmovik: Cliffs of Dover,2011-04-26,Ubisoft,Pc,6.0,13,7.0,67.0,4,2011,1.0,6.5
Skull and Bones,2024-02-16,Ubisoft,Pc,5.8,44,3.1,331.0,2,2024,-2.6999999999999997,4.45
Skull and Bones,2024-02-16,Ubisoft,Xbox Series X,6.3,21,4.4,51.0,2,2024,-1.8999999999999995,5.35
Skull and Bones,2024-02-16,Ubisoft,Playstation 5,5.9,51,3.3,206.0,2,2024,-2.6000000000000005,4.6
Winnie the Pooh's Rumbly Tumbly Adventure,2005-02-08,Ubisoft,Playstation 2,7.7,3,7.7,9.0,2,2005,0.0,7.7
Winnie the Pooh's Rumbly Tumbly Adventure,2005-02-08,Ubisoft,Game Boy Advance,5.5,3,2.0,1.0,2,2005,-3.5,3.75
Winnie the Pooh's Rumbly Tumbly Adventure,2005-02-08,Ubisoft,Gamecube,5.9,7,7.7,9.0,2,2005,1.7999999999999998,6.800000000000001
Kong: The 8th Wonder of the World,2005-11-21,Ubisoft,Game Boy Advance,5.9,8,7.0,1.0,11,2005,1.0999999999999996,6.45
Lunar: Dragon Song,2005-09-27,Ubisoft,Ds,5.9,30,4.2,4.0,9,2005,-1.7000000000000002,5.050000000000001
Dark Planet: Battle for Natrolis,2002-03-20,Ubisoft,Pc,5.9,14,6.8,2.0,3,2002,0.8999999999999995,6.35
Conflict Zone,2001-10-31,Ubisoft,Pc,5.9,10,4.0,9.0,10,2001,-1.9000000000000004,4.95
Open Season,2006-09-19,Ubisoft,Wii,4.9,5,7.2,2.0,9,2006,2.3,6.050000000000001
Open Season,2006-09-19,Ubisoft,Xbox 360,5.9,15,6.8,2.0,9,2006,0.8999999999999995,6.35
Open Season,2006-09-19,Ubisoft,Pc,5.8,4,7.2,3.0,9,2006,1.4000000000000004,6.5
Open Season,2006-09-19,Ubisoft,Gamecube,5.9,6,10.0,1.0,9,2006,4.1,7.95
Open Season,2006-09-19,Ubisoft,Ds,7.2,4,9.0,1.0,9,2006,1.7999999999999998,8.1
Open Season,2006-09-19,Ubisoft,Playstation 2,5.7,6,7.0,1.0,9,2006,1.2999999999999998,6.35
Open Season,2006-09-19,Ubisoft,Psp,7.1,3,4.8,9.0,9,2006,-2.3,5.949999999999999
Drakengard 2,2006-02-14,Ubisoft,Playstation 2,5.8,34,6.9,5.0,2,2006,1.1000000000000005,6.35
Assassin's Creed II: Battle of Forli,2010-01-28,Ubisoft,Playstation 3,5.8,7,5.0,5.0,1,2010,-0.7999999999999998,5.4
Assassin's Creed II: Battle of Forli,2010-01-28,Ubisoft,Xbox 360,5.8,17,6.0,3.0,1,2010,0.20000000000000018,5.9
Assassin's Creed: Altair's Chronicles,2008-02-05,Ubisoft,Ds,5.8,30,5.1,10.0,2,2008,-0.7000000000000002,5.449999999999999
Assassin's Creed: Altair's Chronicles,2008-02-05,Ubisoft,Ios Iphoneipad,6.5,1,5.4,5.0,2,2008,-1.0999999999999996,5.95
TMNT,2007-03-20,Ubisoft,Xbox 360,5.8,31,6.3,2.0,3,2007,0.5,6.05
TMNT,2007-03-20,Ubisoft,Wii,6.0,17,4.8,9.0,3,2007,-1.2000000000000002,5.4
TMNT,2007-03-20,Ubisoft,Pc,5.5,11,7.0,13.0,3,2007,1.5,6.25
TMNT,2007-03-20,Ubisoft,Playstation 2,6.1,19,6.7,5.0,3,2007,0.6000000000000005,6.4
TMNT,2007-03-20,Ubisoft,Gamecube,6.3,4,7.0,2.0,3,2007,0.7000000000000002,6.65
TMNT,2007-03-20,Ubisoft,Psp,3.7,7,4.6,3.0,3,2007,0.8999999999999995,4.15
TMNT,2007-03-20,Ubisoft,Ds,4.2,10,3.0,6.0,3,2007,-1.2000000000000002,3.6
Heritage of Kings: The Settlers,2005-02-24,Ubisoft,Pc,5.8,29,7.2,14.0,2,2005,1.4000000000000004,6.5
Tom Clancy's Splinter Cell Essentials,2006-03-21,Ubisoft,Psp,5.8,37,6.4,6.0,3,2006,0.6000000000000005,6.1
Rocky Balboa,2007-03-13,Ubisoft,Psp,5.8,17,7.1,9.0,3,2007,1.2999999999999998,6.449999999999999
Rabbids: Alive & Kicking,2011-11-08,Ubisoft,Xbox 360,5.8,31,5.9,3.0,11,2011,0.10000000000000053,5.85
Driver '76,2007-05-08,Ubisoft,Psp,5.7,28,7.1,6.0,5,2007,1.3999999999999995,6.4
Pool of Radiance: Ruins of Myth Drannor,2001-09-28,Ubisoft,Pc,5.7,19,6.9,3.0,9,2001,1.2000000000000002,6.300000000000001
Paradise (2006),2006-05-03,Ubisoft,Pc,5.7,17,7.0,1.0,5,2006,1.2999999999999998,6.35
Rayman Raving Rabbids (2007),2007-03-06,Ubisoft,Ds,5.6,13,6.9,2.0,3,2007,1.3000000000000007,6.25
Rayman Raving Rabbids (2007),2007-03-06,Ubisoft,Game Boy Advance,5.3,3,7.0,2.0,3,2007,1.7000000000000002,6.15
Far Cry 4: Escape from Durgesh Prison,2015-01-13,Ubisoft,Xbox One,4.0,1,4.0,1.0,1,2015,0.0,4.0
Far Cry 4: Escape from Durgesh Prison,2015-01-13,Ubisoft,Playstation 4,5.6,8,5.8,4.0,1,2015,0.20000000000000018,5.699999999999999
Michael Jackson The Experience,2010-11-23,Ubisoft,Xbox 360,6.3,31,7.4,14.0,11,2010,1.1000000000000005,6.85
Michael Jackson The Experience,2010-11-23,Ubisoft,Playstation 3,6.6,11,8.1,3.0,11,2010,1.5,7.35
Michael Jackson The Experience,2010-11-23,Ubisoft,Wii,5.6,37,8.5,15.0,11,2010,2.9000000000000004,7.05
Michael Jackson The Experience,2010-11-23,Ubisoft,Psp,5.5,2,7.4,3.0,11,2010,1.9000000000000004,6.45
Michael Jackson The Experience,2010-11-23,Ubisoft,3Ds,5.9,5,7.3,2.0,11,2010,1.3999999999999995,6.6
Michael Jackson The Experience,2010-11-23,Ubisoft,Ios Iphoneipad,5.8,8,8.0,2.0,11,2010,2.2,6.9
Michael Jackson The Experience,2010-11-23,Ubisoft,Playstation Vita,5.7,27,6.5,2.0,11,2010,0.7999999999999998,6.1
Michael Jackson The Experience,2010-11-23,Ubisoft,Ds,6.4,5,7.5,1.0,11,2010,1.0999999999999996,6.95
Alexander (2004),2004-11-23,Ubisoft,Pc,5.6,16,7.5,1.0,11,2004,1.9000000000000004,6.55
Tom Clancy's Ghost Recon: Breakpoint,2019-10-01,Ubisoft,Pc,5.8,34,3.0,451.0,10,2019,-2.8,4.4
Tom Clancy's Ghost Recon: Breakpoint,2019-10-01,Ubisoft,Playstation 4,5.6,59,3.4,528.0,10,2019,-2.1999999999999997,4.5
Tom Clancy's Ghost Recon: Breakpoint,2019-10-01,Ubisoft,Xbox One,6.2,30,3.6,111.0,10,2019,-2.6,4.9
Bloody Good Time,2010-10-28,Ubisoft,Pc,7.3,5,7.9,6.0,10,2010,0.6000000000000005,7.6
Bloody Good Time,2010-10-28,Ubisoft,Xbox 360,5.5,18,6.1,4.0,10,2010,0.5999999999999996,5.8
Haze,2008-05-20,Ubisoft,Playstation 3,5.5,65,4.9,37.0,5,2008,-0.5999999999999996,5.2
C.O.P.: The Recruit,2009-11-03,Ubisoft,Ds,5.5,38,3.3,1.0,11,2009,-2.2,4.4
Trials of the Blood Dragon,2016-06-13,Ubisoft,Playstation 4,5.5,30,6.0,6.0,6,2016,0.5,5.75
Trials of the Blood Dragon,2016-06-13,Ubisoft,Xbox One,5.7,19,5.7,4.0,6,2016,0.0,5.7
Trials of the Blood Dragon,2016-06-13,Ubisoft,Pc,5.4,9,6.7,1.0,6,2016,1.2999999999999998,6.050000000000001
Rabbids Travel in Time 3D,2011-04-10,Ubisoft,3Ds,5.5,26,5.9,6.0,4,2011,0.40000000000000036,5.7
Rabbids Travel in Time 3D,2011-04-10,Ubisoft,Wii,6.2,24,7.0,13.0,4,2011,0.7999999999999998,6.6
Gunfighter: The Legend of Jesse James,2001-11-30,Ubisoft,Playstation,5.5,7,5.5,1.0,11,2001,0.0,5.5
Lost: Via Domus,2008-02-26,Ubisoft,Playstation 3,5.4,30,5.1,5.0,2,2008,-0.3000000000000007,5.25
Lost: Via Domus,2008-02-26,Ubisoft,Xbox 360,5.5,50,5.4,11.0,2,2008,-0.09999999999999964,5.45
Lost: Via Domus,2008-02-26,Ubisoft,Pc,5.2,22,7.4,6.0,2,2008,2.2,6.300000000000001
CSI: Miami,2004-11-16,Ubisoft,Pc,5.4,17,6.5,1.0,11,2004,1.0999999999999996,5.95
Import Tuner Challenge,2006-09-26,Ubisoft,Xbox 360,5.4,20,7.8,8.0,9,2006,2.3999999999999995,6.6
The Settlers: New Allies,2023-02-17,Ubisoft,Pc,5.4,24,3.5,77.0,2,2023,-1.9000000000000004,4.45
The Settlers: New Allies,2023-02-17,Ubisoft,Playstation 4,5.0,1,3.6,3.0,2,2023,-1.4,4.3
Tom Clancy's Ghost Recon Predator,2010-11-15,Ubisoft,Psp,5.4,15,4.9,2.0,11,2010,-0.5,5.15
CSI: NY,2008-11-18,Ubisoft,Pc,5.3,9,2.3,9.0,11,2008,-3.0,3.8
Monopoly Plus,2017-10-31,Ubisoft,Playstation 4,7.0,1,4.4,17.0,10,2017,-2.5999999999999996,5.7
Monopoly Plus,2017-10-31,Ubisoft,Nintendo Switch,5.3,17,5.6,47.0,10,2017,0.2999999999999998,5.449999999999999
Rabbids Invasion,2014-11-18,Ubisoft,Xbox One,5.3,9,6.6,3.0,11,2014,1.2999999999999998,5.949999999999999
Rabbids Invasion,2014-11-18,Ubisoft,Playstation 4,5.0,1,4.5,9.0,11,2014,-0.5,4.75
Rabbids Land,2012-11-18,Ubisoft,Wii U,5.2,26,5.7,16.0,11,2012,0.5,5.45
187 Ride or Die,2005-08-24,Ubisoft,Playstation 2,5.2,33,6.4,3.0,8,2005,1.2000000000000002,5.800000000000001
187 Ride or Die,2005-08-24,Ubisoft,Xbox,5.1,40,7.0,3.0,8,2005,1.9000000000000004,6.05
And 1 Streetball,2006-06-06,Ubisoft,Playstation 2,5.1,29,10.0,1.0,6,2006,4.9,7.55
CSI: Crime Scene Investigation: Deadly Intent,2009-10-27,Ubisoft,Xbox 360,5.1,10,5.9,2.0,10,2009,0.8000000000000007,5.5
CSI: Crime Scene Investigation: Deadly Intent,2009-10-27,Ubisoft,Ds,7.5,2,8.0,1.0,10,2009,0.5,7.75
Cubic Ninja,2011-06-14,Ubisoft,3Ds,5.1,15,5.9,7.0,6,2011,0.8000000000000007,5.5
Babel Rising,2012-06-13,Ubisoft,Xbox 360,5.1,22,3.4,3.0,6,2012,-1.6999999999999997,4.25
Babel Rising,2012-06-13,Ubisoft,Pc,5.0,3,3.0,4.0,6,2012,-2.0,4.0
Beowulf: The Game,2007-11-13,Ubisoft,Pc,4.4,12,5.1,2.0,11,2007,0.6999999999999993,4.75
Beowulf: The Game,2007-11-13,Ubisoft,Xbox 360,5.1,23,3.7,3.0,11,2007,-1.3999999999999995,4.4
Beowulf: The Game,2007-11-13,Ubisoft,Playstation 3,5.1,18,4.7,4.0,11,2007,-0.39999999999999947,4.9
Beowulf: The Game,2007-11-13,Ubisoft,Psp,4.4,4,6.8,9.0,11,2007,2.3999999999999995,5.6
Destroyer Command,2002-02-17,Ubisoft,Pc,5.1,11,6.5,9.0,2,2002,1.4000000000000004,5.8
Flashback,2013-08-21,Ubisoft,Xbox 360,5.0,37,4.9,24.0,8,2013,-0.09999999999999964,4.95
Flashback,2013-08-21,Ubisoft,Playstation 3,5.0,2,5.4,5.0,8,2013,0.40000000000000036,5.2
Flashback,2013-08-21,Ubisoft,Pc,5.4,1,5.1,18.0,8,2013,-0.3000000000000007,5.25
Alfred Hitchcock presents The Final Cut,2002-03-31,Ubisoft,Pc,5.0,17,7.6,9.0,3,2002,2.5999999999999996,6.3
Dungeon Hunter: Alliance,2012-02-15,Ubisoft,Playstation 3,6.7,18,7.5,14.0,2,2012,0.7999999999999998,7.1
Dungeon Hunter: Alliance,2012-02-15,Ubisoft,Playstation Vita,4.9,34,6.5,23.0,2,2012,1.5999999999999996,5.7
Monster 4x4: Masters of Metal,2003-12-10,Ubisoft,Playstation 2,4.8,9,8.0,2.0,12,2003,3.2,6.4
Disney's PK: Out of the Shadows,2002-11-01,Ubisoft,Gamecube,4.6,10,6.8,3.0,11,2002,2.2,5.699999999999999
Disney's PK: Out of the Shadows,2002-11-01,Ubisoft,Playstation 2,4.9,14,7.0,1.0,11,2002,2.0999999999999996,5.95
Nitrobike,2008-01-15,Ubisoft,Wii,4.9,22,5.8,2.0,1,2008,0.8999999999999995,5.35
Asphalt: Injection,2012-02-15,Ubisoft,Playstation Vita,4.9,33,5.2,11.0,2,2012,0.2999999999999998,5.050000000000001
Over G Fighters,2006-06-27,Ubisoft,Xbox 360,4.9,36,8.4,4.0,6,2006,3.5,6.65
Just Dance,2009-11-17,Ubisoft,Wii,4.9,21,6.1,13.0,11,2009,1.1999999999999993,5.5
The Dukes of Hazzard: Return of the General Lee,2004-09-28,Ubisoft,Playstation 2,5.2,17,4.0,2.0,9,2004,-1.2000000000000002,4.6
The Dukes of Hazzard: Return of the General Lee,2004-09-28,Ubisoft,Xbox,4.9,18,7.0,1.0,9,2004,2.0999999999999996,5.95
Astonishia Story,2006-06-06,Ubisoft,Psp,4.8,35,6.4,3.0,6,2006,1.6000000000000005,5.6
CSI: Crime Scene Investigation: Hard Evidence,2007-09-26,Ubisoft,Pc,6.3,9,6.0,1.0,9,2007,-0.2999999999999998,6.15
CSI: Crime Scene Investigation: Hard Evidence,2007-09-26,Ubisoft,Wii,4.9,8,5.3,9.0,9,2007,0.39999999999999947,5.1
CSI: Crime Scene Investigation: Hard Evidence,2007-09-26,Ubisoft,Xbox 360,4.8,13,4.9,4.0,9,2007,0.10000000000000053,4.85
Dogz,2005-11-17,Ubisoft,Game Boy Advance,4.8,9,6.0,2.0,11,2005,1.2000000000000002,5.4
Dogz,2005-11-17,Ubisoft,Ds,5.5,2,7.4,1.0,11,2005,1.9000000000000004,6.45
"Crouching Tiger, Hidden Dragon",2003-10-09,Ubisoft,Xbox,5.2,10,9.0,1.0,10,2003,3.8,7.1
"Crouching Tiger, Hidden Dragon",2003-10-09,Ubisoft,Playstation 2,4.8,26,7.0,1.0,10,2003,2.2,5.9
Driver: Renegade,2011-09-06,Ubisoft,3Ds,4.8,13,5.3,16.0,9,2011,0.5,5.05
Call of Juarez: The Cartel,2011-07-19,Ubisoft,Pc,5.1,12,3.6,30.0,7,2011,-1.4999999999999996,4.35
Call of Juarez: The Cartel,2011-07-19,Ubisoft,Playstation 3,4.5,42,5.3,21.0,7,2011,0.7999999999999998,4.9
Call of Juarez: The Cartel,2011-07-19,Ubisoft,Xbox 360,4.7,62,5.5,31.0,7,2011,0.7999999999999998,5.1
Monster Jam: Maximum Destruction,2002-06-13,Ubisoft,Playstation 2,4.7,11,5.0,1.0,6,2002,0.2999999999999998,4.85
Ice Age,2002-03-18,Ubisoft,Game Boy Advance,4.7,11,5.7,4.0,3,2002,1.0,5.2
Monster 4X4: World Circuit,2006-03-23,Ubisoft,Xbox,4.7,11,5.6,1.0,3,2006,0.8999999999999995,5.15
Monster 4X4: World Circuit,2006-03-23,Ubisoft,Wii,5.1,11,5.8,4.0,3,2006,0.7000000000000002,5.449999999999999
Tom Clancy's Ghost Recon (Wii),2010-11-16,Ubisoft,Wii,4.6,21,6.6,5.0,11,2010,2.0,5.6
Spartacus Legends,2013-06-26,Ubisoft,Xbox 360,4.5,8,5.3,42.0,6,2013,0.7999999999999998,4.9
Spartacus Legends,2013-06-26,Ubisoft,Playstation 3,5.0,6,5.9,19.0,6,2013,0.9000000000000004,5.45
War World: Tactical Combat,2008-10-01,Ubisoft,Pc,7.4,7,6.6,1.0,10,2008,-0.8000000000000007,7.0
Brothers in Arms: Double Time,2008-09-23,Ubisoft,Wii,4.5,13,4.0,1.0,9,2008,-0.5,4.25
Racquet Sports,2010-09-14,Ubisoft,Playstation 3,4.5,17,4.3,1.0,9,2010,-0.20000000000000018,4.4
Combat of Giants: Dinosaurs 3D,2011-03-27,Ubisoft,Wii,5.0,2,6.3,4.0,3,2011,1.2999999999999998,5.65
Combat of Giants: Dinosaurs 3D,2011-03-27,Ubisoft,3Ds,4.4,18,5.4,3.0,3,2011,1.0,4.9
Asphalt 3D,2011-03-22,Ubisoft,3Ds,4.3,37,5.1,17.0,3,2011,0.7999999999999998,4.699999999999999
The Legend of Alon D'ar,2001-12-04,Ubisoft,Playstation 2,4.3,14,10.0,1.0,12,2001,5.7,7.15
CSI: Crime Scene Investigation: Fatal Conspiracy,2010-10-26,Ubisoft,Xbox 360,4.2,9,4.6,9.0,10,2010,0.39999999999999947,4.4
CSI: Crime Scene Investigation: Fatal Conspiracy,2010-10-26,Ubisoft,Pc,4.7,5,4.5,2.0,10,2010,-0.20000000000000018,4.6
CSI: Crime Scene Investigation: Fatal Conspiracy,2010-10-26,Ubisoft,Playstation 3,3.9,5,5.8,4.0,10,2010,1.9,4.85
Planet of the Apes,2001-09-19,Ubisoft,Pc,4.1,11,4.1,2.0,9,2001,0.0,4.1
Emergency Heroes,2008-05-27,Ubisoft,Wii,4.1,12,5.5,4.0,5,2008,1.4000000000000004,4.8
GT Pro Series,2006-11-14,Ubisoft,Wii,4.1,15,8.3,5.0,11,2006,4.200000000000001,6.2
MotionSports Adrenaline,2011-11-01,Ubisoft,Xbox 360,4.1,8,6.4,2.0,11,2011,2.3000000000000007,5.25
MotionSports,2010-11-04,Ubisoft,Xbox 360,4.0,30,4.0,5.0,11,2010,0.0,4.0
Pure Futbol,2010-06-01,Ubisoft,Playstation 3,4.6,12,3.8,2.0,6,2010,-0.7999999999999998,4.199999999999999
Pure Futbol,2010-06-01,Ubisoft,Xbox 360,3.8,20,5.8,6.0,6,2010,2.0,4.8
Teenage Mutant Ninja Turtles: Arcade Attack,2009-11-10,Ubisoft,Ds,3.6,8,6.9,3.0,11,2009,3.3000000000000003,5.25
NCIS,2011-11-01,Ubisoft,Xbox 360,3.5,11,4.0,5.0,11,2011,0.5,3.75
NCIS,2011-11-01,Ubisoft,Playstation 3,5.0,4,4.0,4.0,11,2011,-1.0,4.5
NCIS,2011-11-01,Ubisoft,Pc,6.3,2,10.0,2.0,11,2011,3.7,8.15
The Expendables 2 Videogame,2012-07-31,Ubisoft,Playstation 3,3.4,18,3.9,8.0,7,2012,0.5,3.65
The Expendables 2 Videogame,2012-07-31,Ubisoft,Xbox 360,3.2,11,4.4,4.0,7,2012,1.2000000000000002,3.8000000000000003
The Expendables 2 Videogame,2012-07-31,Ubisoft,Pc,4.1,4,2.2,6.0,7,2012,-1.8999999999999995,3.15
Fighters Uncaged,2010-11-04,Ubisoft,Xbox 360,3.2,38,4.6,12.0,11,2010,1.3999999999999995,3.9
ESPN Sports Connection,2012-11-13,Ubisoft,Wii U,3.1,13,4.0,7.0,11,2012,0.8999999999999999,3.55
Mucha Lucha! Mascaritas of the Lost Code,2003-11-18,Ubisoft,Game Boy Advance,2.6,13,3.7,2.0,11,2003,1.1,3.1500000000000004
